Fecha;Colombia;ColAmazonas;ColAntioquia;ColAtlantico;ColBog;ColBolivar;ColBoyaca;ColCaldas;ColCaq;ColCauca;ColCesar;ColChoco;ColCordoba;ColCund;ColGuajira;ColHuila;ColMagdalena;ColMeta;ColNarino;ColNorteS;ColPutu;ColQuindio;ColRisaralda;ColSant;ColSucre;ColTolima;ColValle;ColCasanare;ColSanAndres;ColVaupes;ColArauca;ColGuainia;ColVichada;ColGuaviare;ColBaranoa;ColBarranca;ColBarrq;ColBello;ColBuenav;ColCali;ColCarepa;ColCartagena;ColCienaga;ColCucuta;ColEspinal;ColGalapa;ColIbague;ColIpiales;ColItuango;ColLeticia;ColMalambo;ColMedellin;ColMonteria;ColNeiva;ColPasto;ColPereira;ColPueblov;ColPuerto;ColQuibdo;ColSabanag;ColSabanal;ColSantaM;ColSincelejo;ColSoacha;ColSoledad;ColTumaco;ColTurbaco;ColValledupar;ColVillavicencio;ColBucaramanga;ColManizales;ColPalmira;ColPopayan;ColFloridablanca;ColArmenia;ColItagui;ColEnvigado;ColDosquebradas;ColTulua;ColRiohacha;ColMaicao;ColPiedecuesta;ColTunja;ColFlorencia;ColGiron;ColJamundi;ColFacatativa;ColMosquera;ColChia;ColZipaquira;ColRionegro;ColMagangue;ColTurbo;ColBuga;ColApartado;ColMadrid;ColLorica;ColYumbo;ColCerete;ColFunza;ColCaucasia;ColCandelaria;ColCajica;ColSabaneta;ColCaldasM;ColCopacabana;ColEstrella;ColArjona;ColElCarmen;ColCorozal;ColChigorodo;ColFlorida;ColBarbacoas;ColPuertoT;ColSibate;ColSTomas;ColPalmarV;ColPolonuevo;ColTubara;ColBuritica;ColRCaribe;ColRCentral;ColREje;ColRFrat;ColRPacifico;ColRSant;ColRAma
2020-03-06;1;0;0;0;1;0;0;0;0;0;0;0;0;0;0;0;0;0;0;0;0;0;0;0;0;0;0;0;0;0;0;0;0;0;0;0;0;0;0;0;0;0;0;0;0;0;0;0;0;0;0;0;0;0;0;0;0;0;0;0;0;0;0;0;0;0;0;0;0;0;0;0;0;0;0;0;0;0;0;0;0;0;0;0;0;0;0;0;0;0;0;0;0;0;0;0;0;0;0;0;0;0;0;0;0;0;0;0;0;0;0;0;0;0;0;0;0;0;0;0;0;1;0;0;0;0;0
2020-03-07;1;0;0;0;1;0;0;0;0;0;0;0;0;0;0;0;0;0;0;0;0;0;0;0;0;0;0;0;0;0;0;0;0;0;0;0;0;0;0;0;0;0;0;0;0;0;0;0;0;0;0;0;0;0;0;0;0;0;0;0;0;0;0;0;0;0;0;0;0;0;0;0;0;0;0;0;0;0;0;0;0;0;0;0;0;0;0;0;0;0;0;0;0;0;0;0;0;0;0;0;0;0;0;0;0;0;0;0;0;0;0;0;0;0;0;0;0;0;0;0;0;1;0;0;0;0;0
2020-03-08;1;0;0;0;1;0;0;0;0;0;0;0;0;0;0;0;0;0;0;0;0;0;0;0;0;0;0;0;0;0;0;0;0;0;0;0;0;0;0;0;0;0;0;0;0;0;0;0;0;0;0;0;0;0;0;0;0;0;0;0;0;0;0;0;0;0;0;0;0;0;0;0;0;0;0;0;0;0;0;0;0;0;0;0;0;0;0;0;0;0;0;0;0;0;0;0;0;0;0;0;0;0;0;0;0;0;0;0;0;0;0;0;0;0;0;0;0;0;0;0;0;1;0;0;0;0;0
2020-03-09;3;0;0;0;1;0;0;0;0;0;0;0;0;0;0;0;0;0;0;0;0;0;0;0;0;0;1;0;0;0;0;0;0;0;0;0;0;0;0;0;0;0;0;0;0;0;0;0;0;0;0;0;0;0;0;0;0;0;0;0;0;0;0;0;0;0;0;0;0;0;0;0;0;0;0;0;0;0;0;0;0;0;0;0;0;0;0;0;0;0;0;0;0;1;0;0;0;0;0;0;0;0;0;0;0;0;0;0;0;0;0;0;0;0;0;0;0;0;0;0;0;1;0;0;NaN;0;0
2020-03-10;3;0;0;0;1;0;0;0;0;0;0;0;0;0;0;0;0;0;0;0;0;0;0;0;0;0;1;0;0;0;0;0;0;0;0;0;0;0;0;0;0;0;0;0;0;0;0;0;0;0;0;0;0;0;0;0;0;0;0;0;0;0;0;0;0;0;0;0;0;0;0;0;0;0;0;0;0;0;0;0;0;0;0;0;0;0;0;0;0;0;0;0;0;1;0;0;0;0;0;0;0;0;0;0;0;0;0;0;0;0;0;0;0;0;0;0;0;0;0;0;0;NaN;0;0;1;0;0
2020-03-11;9;0;0;0;3;1;0;0;0;0;0;0;0;0;0;0;0;0;0;0;0;0;0;0;0;0;1;0;0;0;0;0;0;0;0;0;0;0;0;0;0;1;0;0;0;0;0;0;0;0;0;0;0;0;0;0;0;0;0;0;0;0;0;0;0;0;0;0;0;0;0;0;0;0;0;1;0;0;0;0;0;0;0;0;0;0;0;0;0;0;0;0;0;1;0;0;0;0;0;0;0;0;0;0;0;0;0;0;0;0;0;0;0;0;0;0;0;0;0;0;1;3;0;0;1;0;0
2020-03-12;14;0;0;0;5;1;0;0;0;0;0;0;0;0;0;0;0;0;0;0;0;0;0;0;0;0;1;0;0;0;0;0;0;0;0;0;0;0;0;0;0;1;0;0;0;0;0;0;0;0;0;0;0;0;0;0;0;0;0;0;0;0;0;0;0;0;0;0;0;0;0;0;0;0;0;1;0;0;0;0;0;0;0;0;0;0;0;0;0;0;0;0;0;1;0;0;0;0;0;0;0;0;0;0;0;0;0;0;0;0;0;0;0;0;0;0;0;0;0;0;1;8;0;0;1;0;0
2020-03-13;19;0;0;0;6;1;0;NaN;0;0;0;0;0;0;0;0;0;0;0;0;0;0;0;0;0;0;3;0;0;0;0;0;0;0;0;0;0;0;0;1;0;1;0;0;0;0;0;0;0;0;0;0;0;0;0;0;0;0;0;0;0;0;0;0;0;0;0;0;0;0;NaN;1;0;0;0;1;0;0;0;0;0;0;0;0;0;0;0;0;0;0;0;0;0;1;0;0;0;0;0;0;0;0;0;0;0;0;0;0;0;0;0;0;0;0;0;0;0;0;0;0;1;10;1;0;3;0;0
2020-03-14;37;0;0;0;16;1;0;NaN;0;0;0;0;0;0;0;0;0;0;0;0;0;0;0;0;0;0;3;0;0;0;0;0;0;0;0;0;0;0;0;1;0;1;0;0;0;0;0;0;0;0;0;0;0;0;0;0;0;0;0;0;0;0;0;0;0;0;0;0;0;0;NaN;1;0;0;0;1;0;0;0;0;0;0;0;0;0;0;0;0;0;0;NaN;0;0;1;0;0;0;0;0;0;0;0;0;0;0;0;0;0;0;0;0;0;0;0;0;0;0;0;0;0;1;24;2;0;3;0;0
2020-03-15;53;0;0;0;26;3;0;1;0;0;0;0;0;0;0;0;0;0;0;NaN;0;0;0;0;0;0;3;0;0;0;0;0;0;0;0;0;0;0;0;1;0;3;0;NaN;0;0;0;0;0;0;0;0;0;0;0;0;0;0;0;0;0;0;0;0;0;0;0;0;0;1;NaN;1;0;0;0;1;0;0;0;0;0;0;0;0;0;0;0;0;0;0;1;0;0;1;0;0;0;0;0;0;0;0;0;0;0;0;0;0;0;0;0;0;0;0;0;0;0;0;0;0;3;35;2;0;3;NaN;0
2020-03-16;67;0;0;2;32;5;0;1;0;0;0;0;0;0;0;0;0;0;0;1;0;0;0;0;0;0;5;0;0;0;0;0;0;0;0;0;NaN;0;0;3;0;5;0;NaN;0;0;0;0;0;0;0;0;0;0;0;0;0;0;0;0;0;0;0;1;0;0;0;0;0;1;1;NaN;0;NaN;0;1;0;0;0;0;0;0;0;0;0;0;0;0;0;0;1;0;0;1;0;0;0;0;0;0;0;0;0;0;0;0;0;0;0;0;0;0;0;0;0;0;0;0;0;0;7;42;2;0;5;3;0
2020-03-17;92;0;0;2;39;6;0;1;0;0;0;0;0;0;0;0;0;0;0;3;0;0;0;0;0;0;13;0;0;0;0;0;0;0;0;0;2;0;0;8;0;6;0;3;0;0;0;0;0;0;0;0;0;0;0;0;0;0;0;0;0;0;0;NaN;0;0;0;0;0;1;1;4;0;1;2;1;0;0;0;0;0;0;0;0;0;0;0;0;0;0;1;0;0;1;0;0;0;0;0;0;0;0;2;0;0;0;0;0;0;0;0;0;0;0;0;0;0;0;0;0;8;53;5;0;13;5;0
2020-03-18;104;0;0;2;44;9;0;1;0;0;0;0;0;0;0;0;0;0;0;3;0;0;0;0;0;0;13;0;0;0;0;0;0;0;0;0;2;0;0;8;0;9;0;3;0;0;0;0;0;0;0;0;0;0;0;0;0;0;0;0;0;0;0;NaN;0;0;0;0;0;1;1;4;0;1;2;1;0;0;0;0;0;0;0;0;0;0;0;0;0;0;1;0;0;1;0;0;0;0;0;0;0;0;2;0;0;0;0;0;0;0;0;0;0;0;0;0;0;0;0;0;11;59;8;0;13;5;0
2020-03-19;130;0;0;5;52;10;0;2;0;NaN;0;0;0;0;0;0;0;0;0;6;0;0;0;0;0;0;14;0;0;0;0;0;0;0;0;0;5;0;0;8;0;10;0;6;0;0;0;0;0;0;0;0;0;0;0;0;0;0;0;0;0;0;0;NaN;0;0;0;0;0;2;1;5;2;1;3;1;0;0;0;0;0;0;0;0;0;0;0;0;0;0;1;0;0;1;0;0;0;0;0;0;0;0;2;0;0;0;0;0;0;0;0;0;0;0;0;0;0;0;0;0;15;69;10;0;16;9;0
2020-03-20;178;0;0;5;79;11;0;2;0;NaN;0;0;0;0;0;0;NaN;0;0;6;0;0;0;0;0;0;15;0;0;0;0;0;0;0;0;0;5;0;0;9;0;11;0;6;0;0;0;0;0;0;0;0;0;0;0;0;0;0;0;0;0;0;0;NaN;0;0;0;0;0;2;1;5;2;1;3;1;2;0;0;0;0;0;0;0;0;0;0;0;1;0;2;0;0;1;0;1;0;0;0;0;0;0;2;0;0;0;1;0;0;0;0;0;0;0;0;0;0;0;0;0;18;101;11;0;17;9;0
2020-03-21;212;0;0;7;84;15;0;3;0;NaN;0;0;0;0;0;0;NaN;0;0;8;0;0;0;0;0;0;27;0;0;0;0;0;0;0;0;0;7;NaN;0;15;0;15;0;7;0;0;0;0;0;0;0;0;0;0;0;0;0;0;0;0;0;0;0;NaN;0;0;0;0;0;2;2;9;2;1;3;1;2;0;0;0;0;0;0;0;0;0;0;0;2;0;2;0;0;1;0;1;0;NaN;0;0;0;0;2;0;0;0;1;0;0;0;0;0;0;0;0;0;0;0;0;0;24;110;13;0;29;11;0
2020-03-22;241;0;0;7;88;15;0;6;0;NaN;1;0;0;0;0;0;NaN;0;0;8;0;0;0;0;0;0;32;NaN;1;0;0;0;0;0;0;0;7;2;0;19;0;15;0;7;0;0;0;0;0;0;0;0;0;0;0;0;0;0;0;0;0;0;0;NaN;0;0;0;0;0;2;2;9;2;1;5;1;2;0;0;0;0;0;0;0;0;0;0;0;2;0;3;0;0;1;0;1;0;2;0;0;0;0;2;0;0;0;1;0;0;0;0;0;0;0;0;0;0;0;0;0;25;115;24;0;34;11;0
2020-03-23;314;0;0;7;117;16;0;7;0;NaN;1;0;0;0;0;0;3;0;0;8;0;0;0;0;0;0;38;NaN;1;0;0;0;0;0;0;0;7;2;0;22;0;16;0;7;0;0;0;0;0;0;0;0;0;0;0;0;0;0;0;0;0;0;0;NaN;0;0;0;0;0;3;2;11;2;1;6;2;4;0;0;0;0;0;0;0;0;0;0;0;3;0;4;0;0;1;NaN;1;0;2;0;0;0;0;3;2;0;0;1;0;0;0;0;0;0;0;0;0;0;0;0;0;27;154;27;0;40;12;0
2020-03-24;419;0;0;9;158;21;0;9;0;NaN;2;0;0;0;0;0;3;0;1;11;0;0;0;0;0;0;67;1;1;0;0;0;0;0;0;0;9;2;0;45;0;21;0;9;0;0;0;0;0;0;0;0;0;0;0;0;0;0;0;0;0;0;0;NaN;0;0;0;0;0;3;3;11;3;1;7;2;4;0;2;0;0;0;0;0;0;0;0;1;3;0;4;0;0;1;1;1;0;2;0;1;0;0;3;2;0;0;1;0;0;0;0;0;0;0;0;0;0;0;0;0;35;211;33;0;71;15;0
2020-03-25;480;0;0;13;172;26;0;11;0;NaN;2;0;0;0;0;0;4;0;1;15;0;0;0;0;0;0;72;1;1;0;0;0;0;0;0;0;12;3;0;46;0;26;0;13;0;0;0;0;0;0;0;0;0;0;0;0;0;0;0;0;0;0;0;NaN;1;0;0;0;0;3;4;13;9;1;11;2;4;0;3;0;0;0;0;0;0;0;0;1;3;0;4;0;0;1;1;2;0;2;0;1;0;0;3;2;0;0;1;0;0;0;0;0;0;0;0;0;0;0;0;0;45;231;41;0;82;19;0
2020-03-26;490;0;0;13;179;26;0;11;0;NaN;2;0;0;0;0;0;4;0;1;15;0;0;0;0;0;0;74;1;1;0;0;0;0;0;0;0;12;3;0;48;0;26;0;13;0;0;0;0;0;0;0;0;0;0;0;0;0;0;0;0;0;0;0;7;1;0;0;0;0;3;4;13;9;1;11;2;4;0;3;0;0;0;0;0;0;0;0;1;3;0;4;0;0;1;1;2;0;2;0;1;0;0;3;2;0;0;1;0;0;0;0;0;0;0;0;0;0;0;0;0;45;239;41;0;84;19;0
2020-03-27;539;0;0;16;217;26;0;12;0;NaN;2;0;0;0;0;0;7;0;1;15;0;0;0;0;0;0;74;1;1;0;0;0;0;0;0;0;13;3;0;48;0;26;0;13;0;0;0;0;0;0;0;0;0;0;0;0;0;1;0;0;0;0;0;7;2;0;0;0;0;3;5;13;9;1;13;2;4;0;3;0;0;0;0;0;0;0;0;NaN;3;0;4;0;0;1;1;2;0;2;0;1;0;0;3;2;0;0;1;0;0;0;0;0;0;0;0;0;0;0;0;0;51;278;45;0;84;19;0
2020-03-28;608;0;0;20;255;28;0;13;0;NaN;3;0;NaN;0;0;0;7;0;2;15;0;0;0;0;0;0;85;1;1;0;0;0;0;0;0;0;16;3;0;56;0;27;0;13;0;0;0;0;0;0;0;0;0;0;0;0;0;1;0;0;0;0;0;7;2;0;1;0;0;3;5;15;9;1;13;2;4;0;3;0;0;0;0;0;0;0;0;2;3;0;4;0;0;1;1;2;0;2;0;1;0;0;3;3;0;0;1;0;0;0;0;0;0;0;0;0;0;1;0;0;58;318;47;0;96;19;0
2020-03-29;702;0;0;24;288;37;0;14;0;NaN;NaN;0;2;0;0;0;7;0;2;15;0;0;0;0;1;0;93;1;1;0;0;0;0;0;0;0;20;6;0;63;0;34;0;13;0;0;0;0;0;0;0;0;NaN;0;0;0;0;1;0;0;0;0;1;7;2;0;1;0;0;6;5;16;9;2;13;2;9;0;3;0;0;0;0;0;0;0;0;2;3;0;5;0;0;1;1;2;0;2;0;1;0;0;3;3;0;0;1;2;0;0;0;0;0;0;0;0;0;1;0;0;72;354;58;0;104;23;0
2020-03-30;798;0;0;25;343;40;0;15;0;NaN;NaN;0;2;0;0;0;8;0;2;16;0;0;0;0;1;0;106;1;1;0;0;0;0;0;0;0;21;6;0;70;0;37;1;13;0;0;0;0;0;0;0;0;NaN;0;0;0;0;1;0;0;0;0;1;8;2;0;1;0;0;6;5;20;9;2;13;2;10;0;3;0;0;0;0;0;0;0;0;2;4;0;5;0;0;1;1;2;0;2;0;NaN;0;0;4;3;0;0;2;2;0;0;0;0;0;0;0;0;0;1;0;0;77;420;59;0;117;24;0
2020-03-31;905;0;0;33;383;42;0;15;0;NaN;NaN;0;2;0;1;0;10;0;4;19;0;0;0;0;1;0;117;1;1;0;0;0;0;0;0;0;29;6;0;79;0;39;1;15;0;0;0;0;0;0;0;0;NaN;0;0;0;0;1;0;0;0;0;1;8;2;1;1;0;0;8;5;21;9;3;13;2;10;0;3;1;0;0;0;0;0;0;0;2;5;1;5;0;0;1;1;2;0;2;0;NaN;0;0;6;4;0;0;2;2;0;0;0;0;0;0;0;0;0;1;0;0;97;477;65;0;130;30;0
2020-04-01;1065;0;0;35;464;42;0;15;0;12;16;0;2;0;1;0;12;0;6;19;0;0;0;0;1;0;148;2;2;0;0;0;0;0;0;0;31;8;0;102;0;39;1;15;0;0;0;0;0;0;0;0;NaN;0;0;0;0;1;0;0;0;0;1;10;2;1;1;0;0;8;5;22;11;4;15;2;12;0;4;1;0;0;0;0;0;0;0;2;5;1;5;0;0;1;1;3;0;6;0;2;0;0;6;4;0;0;2;2;0;0;0;0;0;0;0;0;0;1;0;0;106;576;72;0;166;31;0
2020-04-02;1161;0;0;35;532;42;0;16;0;12;16;0;2;0;1;0;12;0;6;21;0;0;0;0;1;0;151;2;2;0;0;0;0;0;0;0;31;10;0;104;0;39;1;17;0;0;0;0;0;0;0;0;NaN;0;0;0;0;1;0;0;0;0;1;12;2;1;1;0;0;8;5;23;11;4;15;3;14;0;4;1;0;0;0;0;0;0;0;2;5;1;8;0;0;1;1;3;0;6;0;2;0;0;6;4;1;0;2;2;0;0;0;0;0;0;0;0;0;1;0;0;106;646;73;0;169;33;0
2020-04-03;1266;0;0;47;576;45;0;16;0;12;16;0;2;0;1;0;12;0;6;25;0;0;0;0;1;0;166;2;2;0;0;0;0;0;0;0;40;10;0;117;0;42;1;21;0;0;0;0;0;0;0;0;NaN;0;0;0;0;1;0;0;0;0;1;13;5;1;1;0;0;8;5;24;11;4;15;7;16;0;5;1;0;0;0;0;0;0;0;2;5;1;8;0;0;1;1;4;0;6;0;2;0;0;6;5;1;0;2;2;0;0;0;0;0;0;0;0;0;1;0;0;121;697;75;0;184;37;0
2020-04-04;1406;0;0;47;680;45;0;16;0;12;16;0;3;0;1;0;12;0;6;25;0;0;0;0;1;0;180;2;2;0;0;0;0;0;0;0;40;10;0;131;0;42;1;21;0;0;0;0;0;0;0;0;NaN;0;0;0;0;1;0;0;0;0;1;14;5;1;1;0;0;8;5;24;11;4;15;7;16;0;5;1;0;0;0;0;0;0;0;4;8;NaN;8;0;0;1;1;4;0;6;0;2;0;0;7;6;1;0;3;2;0;0;0;0;0;0;0;0;0;1;0;0;121;817;75;0;198;37;0
2020-04-05;1485;0;0;51;710;45;0;16;0;12;16;0;3;0;1;0;12;0;6;25;0;0;0;0;1;0;197;2;2;0;0;0;0;0;0;0;42;13;1;145;0;42;1;21;0;0;0;0;0;0;0;0;NaN;0;0;0;0;1;0;0;0;0;1;15;7;1;1;0;0;8;5;25;11;4;15;9;18;0;5;1;0;0;0;0;0;0;0;5;8;2;8;0;0;1;3;4;0;6;0;2;0;0;7;6;2;0;3;2;0;0;0;0;0;0;0;0;0;1;0;0;125;853;75;0;215;37;0
2020-04-06;1579;0;0;52;761;56;0;16;0;13;16;0;3;0;1;0;12;0;6;25;0;0;0;0;1;0;210;2;2;0;0;0;0;0;0;1;43;14;2;154;0;53;1;21;0;0;0;0;0;0;0;0;NaN;0;0;0;0;1;0;0;0;0;1;16;7;1;1;0;0;8;5;25;12;5;15;9;18;0;5;1;0;0;0;0;0;0;0;5;9;2;9;0;0;1;3;4;0;7;0;2;0;0;7;9;3;0;3;2;0;0;0;0;0;0;0;0;0;1;0;0;137;908;75;0;229;39;0
2020-04-07;1708;0;0;60;845;59;0;16;0;14;16;0;3;0;1;0;12;0;6;25;0;0;0;0;1;0;223;2;2;0;0;0;0;0;0;1;46;14;2;167;0;56;1;21;0;0;0;0;0;0;0;0;NaN;0;0;0;0;1;0;0;0;0;1;18;12;1;NaN;0;0;8;5;25;12;5;15;10;18;0;5;1;0;0;0;0;0;0;0;5;9;4;9;0;0;1;3;5;0;7;0;2;0;0;7;9;3;0;3;2;0;0;0;0;0;0;0;0;0;1;0;0;148;997;75;0;243;39;0
2020-04-08;2054;0;0;67;975;71;0;19;0;15;17;0;7;0;1;0;26;0;9;27;0;0;0;0;1;0;313;2;2;0;0;0;0;0;0;1;49;18;3;238;0;65;1;23;0;1;0;0;0;0;0;0;5;0;0;0;0;1;0;0;0;0;1;19;13;1;4;0;0;8;7;28;12;5;25;10;20;0;9;1;0;0;0;0;0;NaN;0;5;11;4;10;0;0;3;4;5;0;7;0;2;0;0;8;9;3;1;4;2;0;0;0;0;0;0;0;NaN;0;1;0;0;182;1142;105;0;337;41;0
2020-04-09;2223;0;0;73;1011;88;0;24;0;16;18;0;7;0;1;0;30;0;28;38;0;NaN;0;0;1;0;347;3;4;0;0;0;0;0;0;2;55;18;4;269;0;79;1;32;1;1;0;0;0;0;0;0;5;0;0;0;0;1;0;0;0;0;1;21;13;2;7;0;0;11;7;28;12;5;26;10;21;0;10;1;0;0;0;0;0;4;NaN;5;12;4;10;0;0;3;4;5;0;7;0;4;0;0;8;9;3;1;4;2;0;0;0;0;0;0;0;1;0;1;0;0;210;1195;114;0;391;59;0
2020-04-10;2474;0;0;79;1099;109;0;25;0;19;NaN;0;7;0;1;0;42;0;31;40;0;NaN;0;0;1;0;418;5;4;0;0;0;0;0;0;2;60;18;4;332;0;100;4;34;2;1;0;0;0;0;0;0;5;0;0;0;0;2;0;0;0;0;1;26;13;2;7;0;0;11;7;33;14;5;29;10;22;0;10;1;0;0;0;0;0;4;2;5;13;4;10;0;0;5;4;5;0;7;0;5;0;0;9;9;3;1;4;2;0;0;0;0;0;0;0;1;0;1;0;0;251;1310;121;0;468;61;0
2020-04-11;2709;0;0;84;1143;117;0;33;0;20;NaN;1;13;0;1;0;57;0;38;41;0;NaN;0;0;1;0;478;7;5;0;0;0;0;0;0;4;64;19;6;377;0;108;6;35;2;1;0;0;0;0;0;0;9;0;NaN;0;0;2;1;0;0;0;1;30;14;4;7;0;0;13;8;34;14;6;32;10;22;0;10;1;0;0;0;0;0;5;3;6;18;6;10;0;0;5;4;6;0;11;1;5;0;2;10;9;3;2;4;2;0;0;0;1;0;0;0;1;0;1;0;0;291;1397;138;0;537;68;0
2020-04-12;2776;0;0;89;1162;123;0;34;0;20;NaN;1;13;0;1;0;61;0;38;43;0;NaN;0;0;1;0;488;7;5;0;0;0;0;0;2;4;66;19;7;383;0;114;6;37;2;1;0;0;0;0;0;0;9;0;NaN;0;0;3;1;0;0;0;1;31;14;4;7;0;0;14;9;34;14;7;32;10;23;0;10;1;0;0;0;0;0;5;3;6;21;7;10;0;0;5;4;6;0;11;1;5;0;2;11;9;3;2;4;2;0;0;0;2;0;0;0;1;0;1;0;0;306;1423;142;0;547;72;0
2020-04-13;2852;0;0;92;1186;134;0;36;0;20;NaN;1;13;0;1;0;66;0;38;43;0;NaN;0;0;1;0;493;7;5;0;0;0;0;0;2;4;67;20;7;388;0;124;6;37;3;1;0;0;0;0;1;0;9;0;NaN;0;0;4;1;0;0;0;1;31;14;4;8;0;0;14;9;34;14;7;33;10;23;0;10;1;0;0;0;0;0;5;3;6;22;7;10;0;0;5;4;6;0;11;1;6;0;2;11;9;3;2;4;2;0;0;0;2;0;0;0;1;0;1;0;0;325;1457;147;0;552;72;0
2020-04-14;2978;0;0;94;1222;145;0;36;0;21;NaN;1;15;0;1;0;66;0;41;50;0;NaN;0;0;1;0;509;NaN;5;0;0;0;0;0;2;5;69;23;9;400;0;134;6;44;3;1;0;0;0;0;1;0;11;0;NaN;0;0;4;1;0;0;0;1;32;14;4;8;0;0;14;9;34;14;7;33;10;24;0;11;1;0;0;0;0;0;5;3;6;23;7;10;0;0;6;4;6;0;11;1;7;0;2;11;9;3;2;4;2;0;0;0;2;0;0;0;1;0;1;0;0;338;1513;155;0;572;80;0
2020-04-15;3103;0;0;95;1270;159;0;42;0;21;NaN;1;15;0;1;0;70;0;42;57;0;NaN;0;0;1;0;528;9;5;0;0;0;0;0;2;5;69;23;10;415;0;148;6;50;3;1;0;0;0;0;1;0;11;0;2;0;0;4;1;0;0;0;1;36;15;4;8;0;0;14;10;36;14;7;33;10;25;0;11;1;0;0;0;0;0;5;3;6;23;7;10;0;0;6;4;6;0;11;1;7;0;3;12;9;3;2;4;2;0;0;0;2;0;0;0;1;0;1;0;0;357;1571;164;0;592;87;0
2020-04-16;3231;0;0;97;1313;167;0;44;0;23;33;1;17;0;1;0;86;0;44;57;0;9;0;0;1;0;555;9;5;0;0;0;0;0;2;6;70;24;12;433;0;156;14;50;3;1;0;0;0;0;1;0;13;0;3;0;0;4;1;0;0;0;1;37;16;5;8;0;0;16;10;36;14;7;33;11;25;0;13;1;0;0;0;0;0;7;3;6;23;7;10;0;0;6;4;6;0;11;1;7;0;3;12;9;3;2;5;2;0;0;0;4;0;0;0;1;0;1;0;0;384;1627;166;0;623;90;0
2020-04-17;3436;NaN;0;100;1372;173;0;47;0;24;33;6;17;0;1;0;88;0;46;57;0;11;0;0;1;0;600;9;6;0;0;0;0;0;2;6;72;31;14;463;0;161;14;50;3;1;0;0;0;NaN;1;0;13;0;3;0;0;4;6;0;0;0;1;40;17;6;8;0;0;16;12;37;14;7;35;11;25;0;13;1;0;0;0;0;0;7;3;7;23;7;10;0;0;8;4;7;0;17;1;7;0;3;13;9;3;3;5;2;0;0;0;5;0;1;0;1;0;1;0;0;395;1705;211;0;676;90;0
2020-04-18;3619;4;0;106;1458;183;0;47;1;24;33;8;18;0;2;0;88;0;47;59;0;13;0;0;1;0;623;9;6;0;0;0;0;0;2;6;75;31;17;475;0;171;14;52;3;1;0;0;0;4;2;0;14;0;3;0;0;4;8;0;0;0;1;43;19;7;8;0;0;16;12;43;14;7;37;11;25;0;13;2;0;0;0;1;0;7;3;7;23;8;10;0;0;8;4;8;0;18;1;7;0;3;13;9;3;3;5;2;0;0;0;5;0;1;0;1;0;1;0;0;412;1815;225;0;702;92;NaN
2020-04-19;3793;4;0;108;1577;184;0;47;2;24;33;8;20;0;2;0;88;0;47;59;0;13;0;0;1;0;633;10;6;0;0;0;0;0;2;6;77;33;17;484;0;172;14;52;3;1;0;0;0;4;2;0;15;0;3;0;0;4;8;0;0;0;1;47;19;7;8;0;0;16;12;43;14;7;37;13;25;0;13;2;0;0;0;2;0;7;3;7;24;9;10;0;0;8;4;8;0;18;2;7;0;3;13;9;3;4;6;2;0;0;0;5;0;1;0;1;0;1;0;0;415;1948;231;0;712;92;2
2020-04-20;3975;4;0;111;1656;195;0;49;2;24;35;8;20;0;2;0;93;0;52;59;0;15;0;0;1;0;682;10;6;0;0;0;0;0;2;6;78;37;18;522;0;181;16;52;3;1;0;0;0;4;2;0;15;0;3;0;0;4;8;0;0;0;1;52;21;8;9;0;0;16;12;46;14;7;39;13;25;0;14;2;0;0;0;2;0;7;3;7;24;10;10;0;0;8;4;8;0;18;2;7;0;3;13;9;3;5;6;3;0;0;0;8;0;1;0;1;0;1;0;0;436;2040;235;0;766;92;2
2020-04-21;4146;6;0;115;1730;199;0;49;2;24;35;9;20;0;2;0;110;0;62;59;0;15;0;0;1;0;713;10;6;0;0;0;0;0;2;6;82;37;20;546;0;184;18;52;3;1;0;0;0;6;2;0;15;0;3;0;0;4;8;0;0;0;1;56;21;8;9;0;0;17;12;46;14;7;39;13;25;0;14;2;0;0;0;2;0;9;4;9;25;10;10;0;0;8;4;8;0;19;2;8;0;3;14;9;3;5;6;3;0;0;0;8;0;1;0;1;0;1;0;0;461;2133;240;0;808;93;2
2020-04-22;4339;6;0;118;1814;199;0;49;2;25;35;9;21;0;2;0;120;0;62;60;0;15;0;0;1;0;739;10;6;0;0;0;0;0;2;6;85;42;20;569;0;184;20;53;3;1;0;0;0;6;2;0;15;0;3;0;0;4;8;0;0;0;1;58;21;8;9;0;0;19;12;46;14;7;39;13;25;0;15;2;0;0;0;2;0;9;4;9;25;11;10;0;0;8;4;8;1;21;2;8;0;3;14;9;3;6;6;3;0;0;0;8;0;1;0;1;0;1;0;0;474;2264;246;0;835;96;2
2020-04-23;4533;12;0;125;1861;204;0;49;2;26;35;10;21;0;2;0;142;0;62;60;0;15;0;0;1;0;773;10;6;0;0;0;0;0;2;6;87;44;20;602;0;188;23;53;3;1;0;0;0;12;2;0;15;0;3;0;0;4;9;NaN;0;0;1;61;25;8;9;0;0;19;12;46;14;7;39;13;26;0;15;2;0;1;0;2;0;9;4;9;25;11;10;0;0;8;4;8;1;21;2;8;0;3;14;9;3;7;8;3;0;0;0;8;0;1;2;1;0;1;0;0;508;2354;250;0;871;97;2
2020-04-24;4837;14;0;134;2040;220;0;52;2;26;42;10;22;7;2;0;147;0;79;60;0;15;0;0;1;0;796;10;6;0;0;0;0;0;2;6;92;44;22;619;0;199;23;53;3;1;0;0;0;14;4;0;16;0;6;0;0;4;9;NaN;0;NaN;1;64;27;12;12;0;0;19;12;46;14;7;39;13;26;0;16;2;0;1;0;2;0;10;6;9;25;12;10;0;0;8;4;8;1;23;2;8;0;3;15;9;3;7;9;4;0;0;0;8;0;1;2;1;0;1;0;0;545;2567;255;0;911;97;2
2020-04-25;5098;37;0;156;2129;226;0;52;2;27;53;10;23;14;5;0;152;0;92;60;0;15;0;0;1;0;814;10;6;0;0;0;0;0;2;6;99;45;22;635;0;205;24;53;3;1;0;0;0;37;4;NaN;17;0;6;0;1;4;9;2;0;NaN;1;65;41;18;12;0;0;19;12;46;14;8;39;13;26;0;17;5;0;1;0;2;0;10;6;11;25;12;10;0;0;8;4;8;1;23;2;11;0;3;15;9;3;7;9;4;0;0;0;8;0;1;2;1;0;1;0;0;592;2690;287;NaN;943;98;2
2020-04-26;5335;40;0;176;2221;240;0;53;2;28;53;11;23;21;5;0;160;0;93;61;0;16;0;0;1;0;840;10;6;0;0;0;0;0;2;6;111;45;24;654;0;219;24;54;3;1;0;0;0;40;4;4;17;0;6;0;1;4;10;2;0;16;1;67;49;18;12;0;0;20;12;46;14;8;40;13;26;0;17;5;0;1;0;2;0;11;6;12;25;12;10;0;0;8;4;8;1;23;2;11;0;3;17;9;3;7;9;4;0;0;0;8;0;1;3;1;0;1;0;0;634;2841;294;NaN;972;100;2
2020-04-27;5553;40;0;218;2326;244;0;53;2;32;53;11;23;27;5;0;163;0;96;62;0;18;0;0;1;0;847;10;6;0;0;0;0;0;2;6;129;45;24;660;0;222;24;54;3;1;0;0;0;40;6;12;17;0;7;0;1;4;10;4;0;19;1;70;68;19;13;0;0;20;12;46;17;8;42;13;26;0;17;5;0;1;0;2;0;11;6;13;25;12;10;0;0;8;4;8;1;23;2;12;0;3;17;9;3;7;9;4;0;0;0;8;0;2;3;1;0;1;0;0;683;2985;296;NaN;986;101;2
2020-04-28;5907;77;NaN;236;2390;257;0;56;7;35;55;12;26;29;5;0;166;0;113;69;0;19;0;0;1;0;881;16;6;0;0;0;0;0;2;6;138;45;25;689;0;235;24;60;3;1;0;0;0;77;9;15;17;0;11;0;2;4;11;4;0;21;1;71;74;28;13;0;0;20;15;46;19;8;43;13;26;0;19;5;0;2;0;7;0;11;6;13;26;12;10;0;0;8;4;8;4;23;2;12;0;3;17;9;3;7;9;4;0;0;0;8;0;3;3;1;0;1;0;0;719;3176;306;20;1041;109;7
2020-04-29;6168;104;8;253;2523;268;0;59;8;36;55;13;26;34;9;0;172;0;118;69;0;19;0;0;1;0;904;18;6;0;0;0;0;0;2;6;140;46;27;709;0;245;28;60;3;1;0;0;0;104;9;19;17;0;13;0;2;4;12;12;0;23;1;72;81;28;14;0;0;20;15;46;19;8;43;13;26;0;19;6;1;2;0;8;0;11;6;13;27;12;10;0;0;8;4;8;4;23;2;12;0;3;17;9;3;7;9;4;0;0;0;8;0;3;4;1;0;1;0;0;757;3329;311;25;1071;109;8
2020-04-30;6464;104;12;309;2612;294;0;69;8;36;55;13;26;39;9;0;202;0;118;69;0;19;0;0;1;0;945;18;6;0;0;0;0;0;2;6;159;46;29;746;0;270;NaN;60;3;1;0;0;0;104;12;23;17;0;13;0;2;5;12;15;NaN;38;1;76;110;28;15;0;0;20;15;46;19;8;43;13;26;0;20;6;1;2;0;8;0;11;7;13;27;12;10;0;0;8;4;8;4;23;2;12;0;3;17;9;3;7;9;4;0;0;0;9;0;3;4;1;0;1;0;0;869;3452;327;29;1112;109;8
2020-05-01;6964;105;15;363;2759;308;0;69;9;36;55;13;29;43;9;0;220;0;154;73;0;20;0;0;1;0;1013;18;6;0;0;0;0;0;3;6;164;46;34;794;0;284;NaN;64;3;1;0;0;0;105;21;24;17;0;15;0;2;5;12;19;1;49;1;78;145;48;15;0;0;20;15;48;19;8;44;13;26;0;20;6;1;2;0;9;0;17;7;13;27;13;11;0;0;11;4;8;6;24;2;13;0;3;17;9;3;8;9;4;0;0;0;9;0;3;4;1;0;1;0;0;955;3745;332;35;1216;113;9
2020-05-02;7241;136;16;414;2830;334;0;79;9;36;59;15;29;45;9;0;230;0;157;84;0;20;0;0;1;NaN;1057;18;6;0;0;0;0;0;3;6;196;47;36;835;0;309;49;69;3;2;0;0;0;136;25;24;17;0;15;0;4;5;12;23;2;55;1;78;151;49;15;0;0;20;21;48;19;8;44;13;26;NaN;21;6;1;2;0;9;0;17;7;13;27;13;11;0;0;11;4;8;6;24;2;14;0;3;17;9;3;8;9;4;0;0;0;9;0;3;4;2;NaN;1;0;0;1046;3824;347;36;1265;124;9
2020-05-03;7664;182;23;491;2942;353;0;79;9;36;62;15;29;56;10;0;236;0;201;84;0;20;0;0;1;6;1059;19;6;0;0;0;0;0;3;6;242;48;36;837;0;326;49;69;3;2;0;0;0;182;34;30;17;0;17;0;8;5;12;27;2;56;1;82;168;60;16;0;0;20;21;48;19;8;44;13;26;4;21;6;1;2;0;9;0;17;7;14;27;13;11;0;0;11;4;8;6;24;2;14;0;3;17;9;3;8;9;5;0;0;0;9;0;3;5;3;1;1;0;0;1152;4038;350;43;1311;124;9
2020-05-04;7971;229;28;530;3069;373;0;79;9;37;62;23;29;59;10;0;242;0;201;84;0;20;0;0;1;7;1096;20;6;0;0;0;0;0;3;6;253;48;39;863;0;344;51;69;3;3;0;0;0;228;34;33;17;0;17;0;8;5;19;27;2;59;1;84;195;60;17;0;0;20;21;50;19;8;44;13;26;4;21;6;1;2;0;9;0;19;7;14;27;13;11;0;0;11;4;8;6;24;2;15;0;3;17;9;3;10;9;5;0;0;0;9;0;3;5;3;1;1;0;0;1217;4181;350;48;1357;124;9
2020-05-05;8612;230;31;639;3262;406;0;91;15;41;70;24;29;64;14;0;257;0;247;85;0;23;0;0;1;7;1134;20;6;0;0;0;0;0;3;6;298;48;47;891;0;375;52;70;3;3;0;2;0;229;48;36;17;0;19;0;9;6;19;44;2;72;1;86;219;99;17;0;0;20;24;50;21;8;45;13;26;4;21;7;4;2;0;15;0;19;8;14;27;13;11;0;0;11;4;8;6;24;2;15;0;4;17;9;3;10;9;5;0;0;0;9;0;4;5;7;5;1;0;0;1386;4538;365;51;1446;125;15
2020-05-06;8959;230;36;677;3462;431;0;94;15;41;70;27;30;64;14;0;257;0;253;85;0;23;0;0;1;7;1176;20;6;0;0;0;0;0;3;6;306;48;48;930;0;399;52;70;3;8;0;4;0;229;49;39;18;0;19;0;9;6;22;45;2;72;1;86;239;102;17;0;0;20;24;51;21;8;45;13;26;5;21;7;4;2;0;15;0;19;8;14;27;13;11;0;0;11;4;8;6;25;2;15;0;4;17;9;3;11;9;6;0;0;0;9;0;4;5;7;6;3;0;0;1449;4761;369;57;1497;125;15
2020-05-07;9456;418;40;758;3592;436;0;94;15;41;70;27;30;71;14;0;258;0;253;85;0;25;0;0;1;11;1223;20;6;0;0;0;0;0;3;6;323;48;51;968;0;404;52;70;3;8;0;4;0;417;57;42;18;0;19;0;9;7;22;45;3;73;1;NaN;289;102;17;0;0;20;24;51;21;8;46;14;26;5;21;7;4;2;0;15;0;24;8;14;27;13;11;0;0;11;4;8;6;25;2;16;0;5;17;9;3;11;9;6;0;0;0;9;0;4;7;7;8;4;0;0;1536;4930;371;61;1544;125;15
2020-05-08;10051;430;44;866;3818;537;0;94;15;42;70;27;NaN;74;15;0;264;0;253;91;0;26;0;0;2;16;1263;20;6;0;0;0;0;0;11;6;381;49;52;1004;0;496;55;75;3;9;0;4;0;429;57;45;18;0;19;0;9;8;22;49;3;NaN;1;90;320;102;21;0;0;20;24;51;22;8;47;14;26;6;21;7;5;2;0;15;0;27;8;14;27;13;11;1;0;11;4;8;6;25;2;16;0;5;17;9;3;11;9;10;0;0;0;9;0;4;7;10;9;4;0;0;1752;5240;374;67;1585;132;15
2020-05-09;10495;433;46;906;4028;582;0;100;15;42;71;27;31;76;15;0;264;0;262;94;0;26;0;0;2;16;1320;20;6;0;0;0;0;0;11;6;392;49;56;1055;0;541;55;77;3;9;0;5;0;432;62;46;18;0;20;0;9;8;22;51;3;NaN;1;91;339;106;21;0;0;20;25;51;22;9;47;14;26;6;21;7;5;2;0;15;0;27;8;14;27;13;11;1;0;11;4;8;6;25;2;16;0;5;17;9;3;12;9;10;0;0;0;9;0;4;7;10;9;7;0;0;1838;5515;382;69;1651;136;15
2020-05-10;11063;527;48;969;4156;679;0;100;16;47;72;28;39;80;27;0;272;0;296;99;NaN;27;0;0;4;43;1331;21;6;0;0;0;0;0;11;6;427;49;57;1065;0;633;56;77;4;9;0;NaN;0;525;64;48;23;0;22;0;13;10;23;51;9;78;1;93;355;136;22;0;0;20;25;51;23;9;47;14;26;6;21;8;8;2;0;16;0;27;8;14;27;14;11;2;0;11;4;8;7;25;2;16;0;5;17;9;3;12;9;10;0;0;0;9;0;4;7;10;10;7;0;0;2019;5736;383;81;1702;141;17
2020-05-11;11613;718;54;1022;4306;742;0;100;16;51;72;28;39;86;27;0;285;0;306;99;1;30;0;0;4;43;1367;21;6;0;0;0;0;0;12;6;451;49;62;1091;0;689;61;77;4;9;0;11;0;716;64;53;23;0;23;0;18;10;23;51;9;79;1;94;383;139;23;0;0;20;25;51;23;9;48;14;26;6;24;8;8;2;0;16;0;27;8;14;28;14;11;2;0;11;4;8;7;26;2;16;0;5;17;9;3;12;9;11;0;0;0;9;0;4;7;10;10;7;0;0;2148;5907;386;87;1752;141;17
2020-05-12;12271;743;61;1124;4564;830;0;104;17;53;72;35;42;NaN;28;0;309;0;338;104;2;30;0;0;4;46;1415;21;15;2;0;0;0;0;12;6;488;49;79;1118;0;773;63;80;4;9;0;13;3;741;75;57;24;0;26;0;33;10;29;54;11;84;1;100;427;164;25;0;0;20;26;52;23;9;48;14;26;6;25;8;9;2;0;17;0;27;8;14;29;14;11;2;0;11;4;9;7;27;3;16;0;5;19;9;3;12;9;12;0;0;0;9;0;6;7;14;11;7;0;0;2363;6203;390;97;1841;146;19
2020-05-13;12930;871;71;1268;4686;943;0;104;19;54;72;40;42;107;32;0;323;0;338;104;2;37;0;0;4;47;1478;25;15;11;0;0;0;0;13;6;592;49;85;1170;0;881;63;80;4;9;0;13;3;869;79;64;24;0;26;0;39;11;34;54;11;90;1;101;458;164;27;0;0;20;26;53;23;9;53;15;26;6;26;9;10;2;0;18;0;29;9;15;29;14;12;2;0;11;4;9;7;27;3;16;0;5;19;9;3;12;9;12;0;0;0;9;0;6;7;14;12;7;0;0;2638;6341;414;107;1910;146;21
2020-05-14;13610;924;81;1383;4895;1058;0;108;19;54;72;40;51;114;32;0;356;0;377;105;2;37;3;0;4;47;1557;25;15;11;0;0;0;0;13;6;654;49;91;1234;0;988;64;80;4;10;0;13;3;922;82;74;28;0;26;2;53;13;34;62;12;106;1;102;480;202;31;0;0;20;30;54;23;9;53;15;26;7;26;9;10;2;0;18;0;30;9;19;29;14;12;2;0;11;4;9;7;31;3;16;0;6;20;9;3;12;9;13;0;0;0;10;0;6;7;26;14;7;0;0;2901;6560;421;126;2028;147;21
2020-05-15;14216;1003;89;1493;5010;1153;0;109;19;61;72;42;62;130;35;0;381;0;425;107;3;38;3;0;4;67;1599;25;15;11;0;0;0;0;15;6;722;49;93;1273;0;1077;70;80;4;10;0;14;3;1001;86;81;34;0;28;NaN;58;14;35;65;13;114;1;111;506;243;31;0;0;20;30;54;25;9;53;15;26;7;26;10;10;2;0;18;0;31;10;20;29;14;12;2;1;11;4;9;7;31;3;16;0;6;20;9;3;12;9;14;0;0;0;10;0;6;7;26;19;7;0;0;3134;6731;423;145;2127;149;22
2020-05-16;14939;1004;98;1560;5287;1280;0;119;20;61;75;42;71;138;45;0;406;0;489;112;3;39;3;0;4;72;1670;25;15;11;0;0;0;0;15;13;753;49;102;1334;0;1202;70;85;5;10;0;14;3;1002;97;87;40;0;31;2;69;14;35;66;13;NaN;1;115;527;304;32;0;0;20;35;55;25;9;54;15;26;7;26;11;18;2;0;19;0;31;10;20;30;14;12;2;1;11;6;10;7;31;3;16;1;6;20;9;3;12;9;14;0;0;0;10;0;6;8;28;20;7;0;0;3366;7044;434;163;2262;161;23
2020-05-17;15574;1007;NaN;1745;5528;1350;0;120;20;64;76;43;78;149;47;0;411;0;494;113;3;39;5;0;4;72;1745;25;15;11;0;0;0;0;16;13;846;49;103;1404;0;1259;72;86;5;13;0;14;8;1005;120;95;42;0;35;2;71;16;36;68;17;NaN;1;121;571;305;35;0;0;20;36;55;28;9;54;15;26;9;26;11;19;2;0;19;0;32;11;20;31;14;12;2;1;11;9;10;7;31;3;16;1;7;20;9;3;12;9;14;0;0;0;10;0;6;8;29;30;7;0;0;3629;7302;437;186;2346;162;23
2020-05-18;16295;1183;123;1826;5725;1498;0;120;21;64;77;43;78;159;47;0;437;0;499;114;3;41;5;NaN;4;77;1795;25;15;11;0;0;0;0;16;13;868;49;126;1429;0;1390;74;86;6;13;0;17;11;1142;122;101;42;0;35;2;91;17;36;68;17;128;1;124;627;307;41;0;0;20;36;55;28;9;56;15;26;9;26;11;19;2;0;20;0;33;13;21;31;14;12;2;NaN;11;9;10;7;31;3;16;1;8;20;9;3;12;9;16;0;0;0;10;0;6;8;29;30;7;0;0;3885;7522;439;195;2401;164;24
2020-05-19;16935;1221;141;1922;5941;1582;0;120;21;64;78;73;83;171;47;0;443;0;519;114;3;41;5;NaN;4;87;1884;25;15;11;0;0;0;0;17;13;904;49;131;1509;0;1465;74;86;6;13;0;20;11;1180;134;114;45;0;42;2;95;18;57;69;17;130;1;132;668;316;47;0;0;20;36;55;28;9;56;16;26;9;26;11;19;2;0;20;0;33;13;21;33;14;12;2;2;11;12;10;7;34;3;16;1;9;20;9;3;12;9;18;0;0;0;10;0;6;8;29;31;7;0;0;4072;7775;439;218;2540;164;24
2020-05-20;17687;1312;153;2046;6194;1673;0;126;21;66;79;80;86;177;47;0;449;0;549;116;3;44;5;NaN;5;89;1973;26;15;11;0;0;0;0;18;13;970;49;145;1575;0;1551;74;88;6;20;NaN;20;11;1271;140;118;45;0;43;2;96;22;63;69;18;135;1;136;703;344;49;0;0;20;41;56;28;9;56;17;27;9;26;11;19;2;0;20;0;35;13;22;33;14;13;2;2;12;12;10;7;35;3;16;1;10;20;12;3;12;10;19;0;0;0;10;0;7;8;29;32;10;0;0;4294;8058;448;234;2668;166;24
2020-05-21;18330;1385;167;2188;6316;1801;0;126;21;67;80;80;86;184;47;0;468;0;594;116;3;44;6;NaN;5;90;2042;26;15;11;0;0;0;0;21;13;1053;49;155;1632;0;1674;78;88;6;22;NaN;21;11;1344;152;131;45;0;43;3;103;23;63;71;21;NaN;1;139;738;388;51;0;0;21;41;57;28;9;56;17;27;9;26;11;19;2;0;20;0;35;13;23;33;14;13;2;3;12;12;10;7;35;3;16;1;10;21;12;3;12;10;19;0;0;0;11;0;7;8;29;32;10;0;0;4584;8207;449;248;2783;167;24
2020-05-22;19131;1386;196;2371;6596;1846;0;126;21;72;80;82;87;191;47;0;485;0;634;119;3;46;7;NaN;5;94;2208;26;15;11;0;0;0;0;22;14;1111;49;202;1737;0;1719;81;89;8;24;NaN;23;28;1345;174;139;46;3;50;3;108;23;64;76;21;151;1;141;828;414;51;0;1;21;41;58;30;9;58;17;27;9;28;11;19;2;0;20;0;36;13;25;33;14;13;2;4;12;12;11;7;35;3;16;1;12;21;13;3;12;11;19;0;0;0;11;0;7;8;29;35;11;0;0;4829;8512;452;278;2996;171;24
2020-05-23;20177;1388;257;2603;6979;2024;0;127;21;74;87;84;88;222;48;0;488;0;649;119;3;48;8;NaN;5;100;2310;26;15;11;0;0;0;0;23;17;1253;51;217;1817;NaN;1885;82;89;11;27;NaN;28;46;1347;187;173;47;5;53;4;109;27;64;77;24;152;1;155;888;421;57;0;1;22;42;59;31;9;59;17;28;9;28;11;19;3;0;20;0;37;13;26;33;NaN;13;6;4;12;17;15;7;38;3;18;1;13;21;14;3;12;11;19;0;0;0;11;0;8;8;32;35;11;1;0;5250;8943;456;340;3117;176;24
2020-05-24;21175;1450;300;2773;7217;2266;0;128;21;75;90;93;91;256;48;0;494;0;709;119;3;49;9;8;5;102;2423;26;15;11;0;0;0;0;24;17;1357;51;232;1906;NaN;2117;84;89;11;29;6;28;60;1409;200;186;49;5;58;5;110;27;72;77;26;155;1;160;935;464;58;0;NaN;22;42;61;32;9;59;18;28;9;29;11;19;3;0;20;0;38;16;26;34;NaN;13;6;15;12;19;17;7;39;4;18;1;14;21;15;3;12;11;21;0;0;0;11;0;8;8;33;35;11;1;0;5671;9226;459;386;3300;176;24
2020-05-25;21981;1505;441;2854;7394;2305;0;128;22;75;95;109;92;326;49;0;505;0;788;119;7;54;12;8;7;138;2488;32;15;11;0;0;0;0;24;17;1391;53;248;1950;NaN;2149;87;89;11;33;7;33;143;1464;209;192;49;8;72;8;112;27;86;81;27;160;3;188;963;509;61;0;2;22;42;62;32;9;61;18;28;9;29;11;20;3;0;21;0;39;25;30;35;22;13;6;17;12;19;22;7;39;4;19;1;16;21;15;3;12;11;23;0;0;0;11;0;8;9;33;36;11;1;0;5808;9517;467;530;3460;176;29
2020-05-26;23003;1534;512;3021;7751;2381;0;130;24;78;100;121;93;374;54;0;528;0;801;121;7;54;12;8;7;151;2672;32;15;11;0;0;0;0;25;17;1482;54;283;2085;NaN;2223;90;90;14;34;16;39;182;1493;216;215;49;10;73;8;116;28;97;83;28;175;3;208;1020;514;62;0;4;22;44;62;32;9;61;19;29;9;29;13;23;3;0;23;0;40;28;31;36;25;13;6;19;13;21;23;8;42;4;19;1;17;23;15;3;12;11;23;0;0;0;14;0;10;9;34;38;11;1;0;6084;9944;469;602;3672;178;31
2020-05-27;24104;1723;537;3117;8056;2517;0;134;24;81;115;154;NaN;424;55;0;547;0;825;124;7;67;16;8;10;151;2828;33;17;11;0;0;0;0;26;17;1526;56;319;2197;2;2343;93;90;14;46;16;43;186;1682;220;229;49;13;75;10;120;28;112;83;28;185;3;232;1054;527;67;0;4;22;46;64;33;9;68;19;29;9;29;13;24;3;0;23;0;40;31;31;37;25;13;6;19;14;22;25;8;44;4;21;1;18;24;15;3;13;11;26;0;1;0;14;0;12;9;34;38;11;1;0;6351;10315;490;633;3888;181;31
2020-05-28;25366;1762;585;3280;8546;2665;0;135;24;91;129;196;NaN;500;57;0;556;NaN;867;128;7;67;17;8;15;160;2968;33;17;11;0;6;0;0;28;17;1609;63;336;2307;4;2475;93;91;21;60;17;46;197;1721;231;250;51;13;78;10;120;31;151;86;28;192;6;252;1093;537;69;0;5;22;47;66;35;9;68;19;29;9;29;13;26;3;0;23;0;41;31;33;42;26;13;6;21;14;22;26;8;46;4;29;1;24;24;17;3;13;11;30;1;1;0;15;0;18;10;38;38;11;3;0;6687;10898;492;691;4122;185;37
2020-05-29;26688;1800;604;3424;9173;2845;0;135;24;92;NaN;196;110;550;57;0;569;NaN;946;128;8;67;18;NaN;15;160;3082;34;17;11;0;6;1;0;28;18;1690;67;349;2403;4;2651;97;91;21;69;17;47;197;1757;238;261;53;13;78;10;126;32;151;86;28;195;6;279;1136;613;72;0;6;22;47;66;35;9;68;19;29;10;30;13;26;3;0;23;0;41;32;35;45;26;13;6;21;14;22;27;8;47;6;30;1;25;24;17;4;15;11;30;1;1;0;15;1;18;10;38;39;11;3;0;7058;11584;493;719;4316;186;38
2020-05-30;28236;1834;639;3732;9651;3041;0;135;24;97;NaN;219;120;586;58;0;597;2;1006;128;9;67;20;NaN;19;161;3363;34;17;11;0;6;1;0;33;18;1882;71;473;2547;5;2829;101;91;22;75;17;47;201;1791;253;277;62;13;83;12;129;39;169;91;31;213;9;291;1203;655;80;0;6;22;47;66;36;9;68;19;29;10;30;13;26;3;0;23;0;43;33;37;45;28;13;7;22;14;22;28;8;49;6;32;1;26;25;18;4;15;11;32;1;1;0;19;2;19;10;38;43;12;4;0;7635;12100;495;768;4685;186;39
2020-05-31;29383;1850;684;3931;10002;3191;0;135;24;102;NaN;226;124;630;61;NaN;613;2;1102;128;9;71;22;20;21;176;3470;35;17;11;0;6;1;0;33;NaN;2005;86;496;2612;7;2975;103;91;22;75;22;48;202;1807;262;294;64;15;89;12;129;40;175;92;33;225;11;306;1260;728;81;0;6;25;47;68;37;9;71;19;31;10;32;13;29;3;0;23;NaN;49;36;39;46;31;13;7;22;14;23;28;10;52;6;36;1;29;26;18;4;17;12;32;1;1;0;21;2;21;11;38;46;12;4;NaN;8049;12533;501;819;4900;197;39
2020-06-01;30493;1850;752;4116;10385;3270;0;138;24;104;286;227;135;705;63;4;637;4;1210;128;9;72;NaN;23;24;186;3585;35;17;11;0;6;1;0;35;NaN;2101;87;519;2692;NaN;3049;110;91;22;77;22;55;239;1807;276;299;68;15;91;12;130;40;176;92;34;239;14;327;1329;779;83;0;6;25;49;68;38;9;72;19;31;10;33;13;31;3;0;23;NaN;49;37;41;49;32;13;7;22;14;23;32;13;56;7;40;1;29;26;18;4;24;12;33;1;1;0;21;2;21;12;39;46;12;4;1;8372;13005;505;901;5126;200;39
2020-06-02;31833;1854;781;4551;10756;3364;NaN;147;24;114;322;295;135;765;65;4;654;8;1263;129;9;73;NaN;35;25;187;3713;35;17;11;0;6;1;0;51;24;2283;89;546;2771;24;3133;111;92;22;89;22;55;239;1810;328;323;68;15;97;12;135;48;238;104;60;248;15;344;1440;821;85;0;7;26;55;73;40;10;73;19;31;10;34;13;31;4;0;23;10;52;39;53;50;34;13;7;22;14;23;33;13;61;7;44;1;32;27;18;4;25;12;36;1;1;0;21;2;27;13;40;50;14;6;1;8956;13442;518;931;5385;213;39
2020-06-03;33354;1900;841;4757;11261;3571;NaN;157;24;117;346;295;163;816;65;5;707;10;1346;132;10;79;30;65;47;187;3886;35;17;11;0;6;1;0;53;28;2424;93;576;2901;25;3326;125;93;22;89;22;68;239;1827;332;339;92;15;106;13;143;53;238;104;61;273;36;355;1490;859;95;0;8;31;62;73;41;15;78;22;32;13;34;13;31;10;0;23;20;52;42;61;55;39;14;7;47;15;23;33;15;68;7;46;2;33;28;20;4;25;12;36;1;1;NaN;22;2;27;13;41;50;15;6;1;9446;14003;539;1041;5644;246;40
2020-06-04;35120;1900;909;5403;11798;3715;9;NaN;24;126;394;335;173;870;68;5;720;12;1383;132;10;79;33;67;73;189;3995;36;17;11;0;6;1;0;68;28;2747;97;597;2983;NaN;3468;128;93;22;115;23;71;239;1827;379;352;94;15;119;14;143;62;278;116;84;280;52;377;1632;870;95;0;9;32;65;76;42;16;78;23;33;15;34;13;31;10;NaN;23;20;52;44;63;59;42;14;7;49;15;23;33;17;69;10;47;2;34;32;21;4;26;12;36;1;2;NaN;22;2;32;14;49;54;21;8;1;10300;14604;547;1145;5839;248;40
2020-06-05;36635;1954;941;5809;12201;3857;10;164;24;136;414;395;195;921;72;6;737;14;1431;132;11;80;35;82;81;192;4205;36;17;11;0;6;1;0;75;43;2953;106;681;3099;NaN;3602;132;93;23;125;24;84;239;1881;409;365;105;15;143;16;146;69;329;119;88;289;59;385;1745;876;98;15;11;32;66;77;47;16;78;25;34;15;34;13;34;10;3;23;20;55;46;64;60;45;14;7;49;15;23;35;19;71;11;51;3;36;33;22;4;27;12;37;1;3;NaN;23;2;34;14;55;61;22;10;1;10889;15065;552;1207;6167;263;41
2020-06-06;38027;1981;1032;6142;12578;3968;12;173;24;145;425;396;210;958;107;6;752;15;1551;132;11;81;41;NaN;98;193;4359;36;17;11;0;6;1;0;76;53;3144;110;699;3222;77;3700;133;93;24;132;24;86;284;1908;437;378;110;15;161;19;146;73;330;121;92;303;73;402;1836;914;98;24;12;38;73;79;48;16;78;26;34;17;34;13;37;11;5;23;21;60;46;66;62;47;14;7;66;15;23;36;22;72;12;52;3;36;34;22;5;28;13;40;4;4;NaN;24;3;40;14;56;61;22;12;1;11394;15483;568;1330;6451;282;41
2020-06-07;39236;1993;1099;6499;12894;4127;12;176;25;155;428;412;221;1007;108;8;755;16;1629;137;11;81;45;111;126;200;4424;36;17;11;0;6;1;1;81;53;3326;117;711;3268;87;3840;134;NaN;27;164;25;88;284;1920;454;394;115;17;202;20;146;80;343;127;105;305;100;421;1917;925;102;27;13;42;75;80;56;17;78;28;37;18;34;13;37;11;5;24;21;62;46;66;62;48;14;7;85;15;25;38;25;73;12;NaN;3;37;37;23;5;30;13;43;5;4;5;24;3;41;14;56;63;22;13;1;11917;15858;575;1436;6620;297;42
2020-06-08;40719;2030;1154;6761;13337;4221;14;176;25;158;449;473;226;1127;109;10;782;NaN;1700;144;11;81;45;118;131;204;4679;36;17;11;0;6;1;1;99;53;3462;126;766;3434;88;3926;145;100;28;175;25;93;284;1957;458;422;117;18;226;20;147;80;400;128;106;319;105;450;1991;934;106;43;14;44;75;86;58;18;78;33;39;18;34;13;38;13;6;24;22;69;50;70;63;54;14;7;85;17;25;39;27;75;12;NaN;3;48;40;23;5;30;13;46;5;4;5;25;3;42;17;56;64;22;14;1;12322;16430;575;1501;7010;311;42
2020-06-09;42078;2034;1228;7096;13717;4363;16;180;25;160;470;490;231;1178;113;12;801;NaN;1793;147;11;82;53;NaN;143;206;4821;36;17;11;0;6;1;4;100;74;3708;135;783;3550;95;4054;154;101;28;176;26;101;297;1961;473;456;119;19;239;22;149;82;416;131;106;327;115;470;2051;981;106;51;20;45;79;87;59;21;79;35;40;18;34;13;41;14;7;24;22;70;50;71;63;58;14;8;85;17;25;46;29;75;12;72;3;50;40;24;5;33;14;47;8;5;5;25;3;43;23;57;70;22;14;1;12843;16874;588;1592;7264;340;42
2020-06-10;43682;2067;1284;7502;14137;4483;20;185;25;163;496;558;235;1218;113;12;821;26;1988;147;11;82;61;152;166;210;4979;36;17;11;0;7;1;4;109;74;3927;137;811;3661;95;4171;162;101;29;180;29;105;304;1985;505;485;122;19;256;26;151;93;482;144;110;335;134;474;2154;1134;107;59;22;50;79;88;59;22;79;35;42;21;34;13;41;15;9;24;22;71;54;72;63;61;14;8;91;18;26;47;29;76;12;74;3;57;40;25;5;33;20;48;8;6;5;27;3;45;23;64;71;23;14;1;13415;17344;601;1675;7688;348;43
2020-06-11;45212;2076;1311;7932;14545;4622;24;188;25;166;498;578;242;1309;115;NaN;835;28;2029;147;12;83;69;157;174;226;5260;36;17;11;0;7;1;4;112;77;4130;140;849;3881;96;4303;169;101;31;200;36;105;304;1994;539;503;124;19;265;29;153;108;500;157;110;335;138;497;2253;1142;109;60;24;50;82;92;61;22;79;39;42;23;34;14;42;15;12;24;22;72;58;78;65;62;14;8;91;22;26;49;29;86;13;75;3;57;43;25;5;33;20;50;8;9;5;28;3;45;23;65;75;27;31;1;14002;17872;613;1718;8033;353;44
2020-06-12;46858;2092;1361;8597;14949;4753;24;191;25;170;504;583;247;1365;115;NaN;853;35;2056;147;12;84;75;161;196;254;5445;37;18;11;0;7;1;4;122;NaN;4521;144;907;3991;104;4423;177;101;35;230;45;105;305;2010;558;532;126;19;272;31;153;123;505;158;132;342;158;520;2390;1150;114;63;30;50;85;94;62;25;80;41;42;24;35;14;42;15;12;24;22;73;58;79;67;63;14;9;91;23;26;50;30;91;13;75;3;58;45;26;5;33;21;52;10;11;5;28;3;46;23;73;82;39;32;1;14822;18367;623;1795;8254;357;44
2020-06-13;48746;2112;1463;9079;15468;4903;29;191;25;179;527;681;253;1443;121;NaN;917;36;2081;152;12;85;82;179;213;294;5635;37;18;27;0;7;1;6;150;85;4807;150;946;4135;122;4564;192;104;56;249;54;107;327;2027;570;565;128;19;281;34;163;131;598;173;138;363;173;557;2472;1163;117;71;31;51;85;95;62;28;80;43;44;25;35;14;47;18;13;24;22;73;59;86;74;68;16;9;91;23;28;53;33;91;13;76;3;60;49;26;5;34;25;54;11;11;6;31;3;49;23;75;86;42;42;1;15547;19013;631;1920;8576;380;44
2020-06-14;50939;2127;1600;9841;16046;5144;34;196;25;187;541;695;277;1471;129;24;943;40;2149;157;13;86;90;190;238;297;5832;38;18;27;0;7;1;7;157;92;5135;154;971;4296;NaN;4777;208;109;56;321;57;109;327;2041;650;597;134;20;289;36;163;151;612;180;139;371;194;570;2679;1201;120;76;32;54;87;97;65;29;81;48;45;26;35;15;53;18;14;24;22;74;59;89;74;68;16;15;107;25;28;55;46;91;13;77;3;61;50;27;5;34;26;57;16;11;7;32;3;53;23;86;87;45;51;1;16598;19633;645;2106;8863;396;45
2020-06-15;53063;2132;1727;10886;16414;5249;39;200;25;190;553;716;279;1500;140;26;970;50;2170;158;13;88;90;211;240;307;6079;38;19;27;0;7;1;9;162;102;5932;169;1009;4474;195;4859;221;109;62;334;59;116;337;2046;686;648;135;21;296;36;165;177;632;189;149;380;196;581;2820;1204;123;82;40;59;90;100;66;31;82;68;50;26;38;15;59;19;16;24;23;77;59;90;74;72;18;23;108;26;29;56;47;94;13;78;3;63;51;28;5;34;31;58;16;11;8;35;3;54;23;88;87;47;51;1;17798;20057;651;2237;9155;418;45
2020-06-16;54931;2172;1852;11427;16849;5406;44;205;25;197;559;823;303;1543;149;30;991;51;2205;162;13;89;91;230;272;319;6290;38;20;27;0;7;1;31;193;114;6205;173;1079;4602;NaN;4999;225;112;67;360;63;116;356;2066;727;683;NaN;24;300;37;165;184;732;195;159;NaN;226;604;2928;1231;128;85;41;62;92;102;69;32;83;71;52;26;39;16;60;21;17;24;23;79;59;96;76;72;18;24;108;26;29;57;50;96;15;79;3;65;51;29;7;34;31;62;17;11;8;37;3;54;23;95;94;54;54;1;18532;20557;658;2418;9515;441;45
2020-06-17;57046;2180;1948;12230;17401;5533;50;205;25;208;588;841;309;1571;159;34;1019;57;2222;163;15;91;99;262;300;384;6516;39;20;27;0;7;1;32;216;120;6645;177;1101;4770;262;5116;232;113;121;399;68;119;368;2074;775;721;NaN;25;306;40;165;186;750;196;170;NaN;251;616;3130;1234;130;94;44;71;92;105;72;36;85;73;52;28;41;20;66;21;17;24;26;81;59;98;78;73;18;25;109;30;41;58;52;103;16;80;3;67;52;31;7;34;33;63;18;11;13;43;3;54;23;100;99;67;54;1;19529;21218;668;2548;9787;474;47
2020-06-18;60217;2185;2076;13154;18187;5823;54;207;26;214;612;921;377;1637;162;38;1112;63;2376;NaN;15;99;NaN;289;406;417;6789;41;20;27;0;7;1;35;229;126;7205;183;1127;4992;269;5350;268;124;146;417;71;130;394;2079;830;783;NaN;27;317;63;175;206;825;204;182;450;332;647;3339;1311;139;103;47;87;93;107;74;38;93;77;53;39;43;21;68;23;18;25;27;85;60;106;85;74;19;27;109;34;57;59;71;103;19;85;3;70;54;31;7;34;33;74;34;21;16;45;3;55;23;111;99;69;56;1;20863;22117;729;2850;10300;520;48
2020-06-19;63276;2193;2235;13886;19228;6245;NaN;211;26;231;626;953;405;1697;171;40;1143;82;2469;NaN;15;102;163;307;449;427;7032;51;23;27;0;7;1;36;265;127;7609;195;1161;5157;275;5711;275;135;149;430;76;139;414;2087;853;874;195;29;320;66;176;224;855;229;194;471;366;676;3515;1337;152;NaN;63;94;96;108;79;41;94;85;57;44;45;22;71;24;28;25;29;97;61;108;89;77;21;31;109;36;58;61;75;109;19;87;4;73;55;33;7;34;38;92;36;23;17;50;3;59;24;112;102;71;59;1;22071;23273;749;3080;10685;556;48
2020-06-20;65633;2193;2333;14765;19755;6487;83;216;26;244;691;972;421;1745;186;46;1192;93;2495;224;17;105;178;328;497;441;7234;52;23;27;0;7;1;37;266;130;8129;202;1182;5317;275;5928;295;146;151;455;86;143;427;2087;876;920;202;32;325;73;177;242;872;236;206;495;405;688;3774;1341;158;NaN;73;100;98;112;86;49;95;89;61;49;45;22;84;25;30;25;31;100;65;115;90;83;21;33;109;37;59;64;79;109;21;89;4;73;58;36;7;35;40;96;36;25;19;54;3;60;24;113;104;72;59;1;23321;23884;772;3242;10945;601;50
2020-06-21;68652;2205;2504;15487;20697;6752;90;218;26;251;699;982;438;1778;210;59;1270;126;2625;243;17;106;187;NaN;538;510;7525;55;23;27;0;14;1;37;289;206;8547;210;1237;5520;294;6168;314;161;210;479;93;168;443;2099;905;984;208;40;356;75;178;253;881;248;223;548;440;701;3933;1360;162;167;103;113;99;116;90;52;96;107;63;54;46;32;94;28;33;25;31;101;70;118;92;84;23;40;131;40;60;64;85;116;23;90;4;78;58;36;9;36;40;101;38;27;20;58;5;60;24;119;107;75;62;1;24418;24981;784;3471;11383;NaN;57
2020-06-22;71183;2205;2591;16238;21530;7063;95;231;26;257;728;1011;455;1818;219;62;1291;131;2682;247;17;109;190;NaN;595;587;7662;57;23;28;0;14;1;37;323;211;8880;218;1258;5628;295;6437;316;162;285;515;95;168;458;2099;935;1024;218;42;396;77;178;284;908;251;242;560;480;723;4150;1370;178;179;104;117;109;117;93;56;99;112;65;55;47;35;98;31;33;25;34;102;72;120;92;91;24;54;131;42;61;65;87;118;24;91;4;78;58;38;11;36;43;110;38;37;21;59;5;62;24;127;119;81;68;1;25539;25944;803;3632;11612;745;57
2020-06-23;73572;2212;2681;16879;22398;7233;100;237;26;272;731;1030;464;1911;227;66;1319;162;2715;255;19;110;202;459;649;602;7916;58;23;28;0;14;1;37;325;212;9222;224;1287;5818;296;6596;320;168;290;523;102;168;462;2106;961;1077;220;45;405;82;178;288;913;278;251;584;517;773;4351;1388;183;182;129;123;114;119;101;56;100;118;65;57;53;38;102;31;36;25;35;106;73;123;94;98;26;58;133;43;71;67;93;123;25;94;4;83;59;38;11;36;43;110;40;37;22;61;5;63;24;129;122;81;79;1;26389;26960;822;3785;11933;763;59
2020-06-24;77113;2221;2823;17970;23358;7474;116;238;26;292;783;1148;482;1967;247;67;1385;184;2814;270;19;112;229;470;734;637;8343;61;23;28;0;14;1;37;404;212;9746;235;1330;6134;297;6779;336;176;311;574;107;187;482;2107;1000;1160;233;46;447;93;179;323;992;306;269;633;587;798;4605;1398;186;198;147;129;115;128;112;59;101;122;68;64;74;41;116;33;44;25;35;111;75;125;100;100;26;71;133;49;71;68;96;123;26;94;5;90;65;38;12;37;50;131;41;41;23;64;5;64;25;136;127;98;81;1;27859;28050;852;4030;12597;789;59
2020-06-25;80599;2229;3045;18591;24629;7869;121;240;26;309;789;1235;519;2062;258;70;1484;198;2886;278;19;116;240;497;847;645;8690;64;23;28;0;14;1;37;440;213;10008;256;1344;6417;303;7113;380;180;314;603;110;188;510;2115;1028;1255;248;47;475;98;182;329;1054;314;277;674;684;828;4803;1422;202;200;160;139;116;139;119;69;105;146;72;69;77;43;122;34;46;25;37;113;75;137;105;111;27;71;133;56;76;70;105;127;34;98;6;97;71;41;15;40;56;134;41;47;26;69;13;66;27;147;134;102;82;2;28991;29446;869;4402;13120;824;59
2020-06-26;84442;2242;3234;20247;25530;8156;129;243;26;320;809;1323;543;2167;270;74;1541;209;2978;288;19;119;261;524;895;649;8939;64;23;28;0;14;1;37;492;224;10896;263;1360;6626;304;7353;387;184;317;624;111;197;522;2126;1115;1374;254;50;513;105;182;371;1113;331;302;713;729;873;5258;1426;210;219;165;149;118;144;120;71;106;152;76;81;78;43;132;34;47;25;37;119;81;153;108;118;28;78;134;60;78;71;120;128;36;103;9;100;72;44;15;46;61;143;42;47;26;69;13;67;29;169;141;105;82;3;31023;30479;896;4663;13560;861;59
2020-06-27;88591;2253;3442;21193;27105;8579;140;244;NaN;329;882;1393;580;2225;298;75;1626;227;3041;305;19;120;269;578;976;674;9279;65;23;28;0;14;1;37;508;245;11475;276;1378;6893;307;7666;417;198;331;639;122;202;526;2135;1133;1506;272;50;528;110;182;378;1175;360;319;NaN;780;911;5489;1449;225;258;177;165;118;153;125;84;106;165;79;83;85;57;145;34;52;NaN;39;124;82;153;112;121;29;117;135;67;91;75;128;131;42;105;9;106;72;44;15;47;62;157;48;53;28;73;15;69;29;175;143;106;86;13;32578;32167;906;4989;14042;932;64
2020-06-28;91769;2260;3658;22050;27916;8811;144;254;35;350;944;1423;641;2310;372;78;1754;248;3185;324;22;120;275;595;1091;731;9469;66;23;28;0;14;1;37;512;245;11994;288;1408;7022;308;7881;445;210;380;651;128;203;526;2139;1156;1634;309;52;582;113;183;382;1198;367;333;836;870;945;5717;1471;233;293;193;167;122;156;136;88;106;193;79;86;88;64;201;38;52;34;45;134;86;162;112;129;29;122;138;70;103;77;134;132;46;106;10;107;73;50;16;47;63;158;48;63;28;78;15;72;30;182;144;136;88;14;33931;33148;922;5381;14427;968;71
2020-06-29;95043;2277;3801;22781;29309;8967;147;258;35;357;992;1454;743;2365;409;85;1776;257;3308;328;26;121;278;637;1152;842;9629;66;23;28;0;14;1;37;539;267;12347;300;1409;7114;315;8006;450;211;491;696;128;220;526;2156;1206;1707;353;54;638;115;183;446;1224;369;340;850;906;957;5864;1483;242;320;199;170;126;158;139;100;107;210;84;87;145;66;234;39;52;34;47;134;88;176;112;135;30;132;141;71;110;86;153;132;63;107;11;108;75;51;16;48;64;160;48;66;31;80;15;74;30;182;154;138;96;14;34925;34726;930;5687;14748;1014;75
2020-06-30;97846;2300;4011;23361;30023;9135;157;260;35;374;1025;1546;785;2494;454;93;1855;278;3444;335;28;127;278;661;1254;850;9974;66;23;28;0;14;1;37;540;270;12740;315;1442;7372;315;8171;467;213;496;700;128;239;560;2178;1223;1830;378;61;662;115;184;453;1283;373;342;891;993;1026;6009;1487;244;336;220;175;126;165;142;103;111;219;90;87;148;81;261;42;56;34;49;141;92;185;121;140;32;133;141;77;111;90;162;136;64;118;11;120;76;53;17;48;66;160;48;70;31;80;17;78;30;183;154;139;98;16;35830;35616;938;6041;15338;1045;77
2020-07-01;102009;2319;4239;24214;31422;9410;171;264;NaN;404;1069;1684;800;2632;481;93;1904;299;3522;343;28;127;313;705;1372;929;10508;68;23;28;0;14;1;39;553;281;13114;348;1497;7797;317;8389;477;218;567;712;133;251;572;2197;1335;1946;388;61;698;126;184;479;1405;377;359;925;1083;1076;6252;1501;251;360;241;193;130;172;165;109;111;227;97;95;156;87;281;44;59;38;53;145;103;195;124;143;34;144;151;84;116;96;163;140;65;125;11;126;80;54;21;51;66;165;52;72;31;82;19;78;40;192;156;147;100;31;37079;37267;977;6402;16118;1097;81
2020-07-02;106110;2325;4558;25183;32729;9647;187;267;NaN;466;1074;1742;893;2792;539;117;1989;321;3575;348;29;128;330;760;1489;948;10904;70;28;28;0;14;1;39;591;309;13729;369;1525;8097;318;8609;500;221;576;732;139;254;607;2203;1356;2125;431;64;728;134;185;491;1453;380;370;977;1178;1132;6480;1508;259;363;258;205;133;181;184;114;111;245;104;100;173;105;314;48;61;NaN;54;148;132;204;NaN;152;34;145;156;89;125;100;178;144;78;133;12;132;88;61;23;57;68;167;52;79;31;88;21;83;42;194;158;147;102;39;38433;38815;998;6931;16687;1157;86
2020-07-03;109505;2328;4841;25790;34131;9872;194;267;NaN;477;1167;1756;915;2860;563;121;2018;333;3677;355;33;129;354;794;1548;996;11201;85;28;28;0;14;1;39;596;310;14081;382;1536;8344;322;8820;502;227;618;751;141;280;610;2203;1380;2270;439;67;773;144;185;507;1465;383;386;999;1213;1161;6633;1517;267;397;270;221;133;189;186;124;111;248;107;109;179;109;322;52;64;42;55;148;132;214;142;159;34;147;168;90;173;101;184;146;80;137;16;139;89;62;25;59;73;169;52;88;35;92;24;84;43;199;160;149;102;39;39411;40356;1023;7295;17111;1198;90
2020-07-04;113389;2335;5253;26409;35267;10152;202;271;54;507;1266;1836;1019;2969;601;127;2082;361;3741;370;35;137;378;893;1683;1009;11676;85;28;28;0;14;1;39;601;NaN;14447;408;1569;8723;325;9067;513;234;628;762;143;291;652;2210;1395;2504;488;69;811;161;190;515;1532;384;394;1045;1328;1216;6821;1520;284;463;284;229;137;205;201;130;117;272;119;112;179;114;350;56;67;49;59;157;138;215;146;160;34;149;177;94;193;105;205;153;97;147;16;145;92;73;27;61;74;174;55;92;37;99;24;87;44;204;162;149;103;47;40511;41656;1059;7946;17760;1312;NaN
2020-07-05;117110;2364;5567;27255;36554;10512;214;271;55;530;1298;1871;1052;3024;623;133;2121;377;3930;386;35;137;381;941;1825;1037;11859;87;28;28;0;14;1;39;614;NaN;14977;428;1583;8865;330;9396;530;248;650;780;148;308;669;2239;1440;2676;512;73;879;NaN;191;521;1562;393;406;1064;1441;1235;7016;1545;295;486;298;246;137;210;213;138;117;288;124;113;181;117;364;63;73;50;62;161;141;218;148;161;35;153;187;99;221;109;209;157;97;148;26;148;92;74;28;61;78;181;55;101;42;99;31;88;44;214;163;149;103;47;41810;43060;1062;8435;18190;1376;NaN
2020-07-06;120281;2384;5964;27923;37640;10741;220;273;60;544;1320;1982;NaN;3055;663;138;2182;387;3977;389;38;137;386;953;1892;1072;12100;88;28;28;0;14;1;39;678;NaN;15353;442;1586;9044;333;9596;535;250;676;792;152;321;671;2258;1452;2910;542;74;904;NaN;191;530;1621;395;424;1112;1495;1240;7129;1550;302;504;304;251;137;224;220;145;117;304;128;115;185;121;393;63;75;55;62;171;142;230;149;161;36;170;196;102;283;111;215;160;103;150;39;156;93;77;30;63;79;181;55;101;44;105;31;90;44;219;170;154;107;50;42830;44233;1069;8949;18603;1391;112
2020-07-07;124494;2391;6352;28734;39247;10956;230;278;67;599;1338;2004;1187;3113;730;140;2309;414;4077;415;38;137;404;1011;2002;1085;12444;88;28;28;0;14;1;39;716;402;15872;464;1607;9308;336;9801;555;270;679;805;162;330;683;2264;1464;3147;589;74;951;181;191;540;1635;395;431;1204;1580;1250;7329;1570;307;518;325;257;140;231;229;163;117;324;137;116;189;125;446;66;75;60;70;181;146;231;155;168;38;171;200;106;291;115;231;163;112;159;44;164;93;81;36;66;82;182;55;112;49;109;32;97;45;222;170;154;114;52;44068;45951;1092;9532;19124;1474;119
2020-07-08;128638;2394;6826;29573;40732;11265;233;279;NaN;622;1359;2033;1264;3207;778;NaN;2343;433;4120;419;39;140;421;1053;2138;1096;12848;90;28;29;0;14;1;39;766;402;16252;500;1640;9621;336;10056;560;274;687;852;164;331;727;2267;1524;3378;637;78;974;192;191;586;1645;412;463;1227;1685;1305;7483;1587;320;533;342;271;141;234;233;171;118;344;145;121;193;134;480;70;77;NaN;75;187;149;245;158;168;40;181;216;111;334;117;244;170;117;159;44;177;93;86;44;70;90;188;56;117;49;117;33;102;46;234;172;167;116;58;45319;47571;1113;10219;19623;1520;133
2020-07-09;133973;2399;7405;30618;42339;11479;249;287;81;652;1381;2079;1432;3433;819;NaN;2545;459;4275;436;41;147;476;1107;2274;1206;13390;97;28;29;NaN;14;1;42;780;405;16929;553;1674;10017;337;10252;618;287;782;876;174;337;744;2272;1557;3683;732;84;1075;229;193;630;1661;414;498;1341;1796;1366;7670;1597;332;546;353;286;145;248;242;184;125;373;157;130;210;154;500;74;81;73;82;204;174;275;187;176;43;181;232;120;383;129;258;181;140;174;51;187;102;98;46;80;95;190;56;126;55;125;48;106;48;235;173;172;120;58;46843;49561;1183;11102;20396;1591;136
2020-07-10;140776;2406;8031;31885;45043;11752;267;294;86;709;1417;2126;1509;3744;845;168;2657;541;4418;514;49;153;483;1190;2376;1330;13953;111;28;29;12;14;1;42;790;426;17688;593;1700;10473;341;10484;644;330;868;912;200;360;755;2278;1599;4093;775;NaN;1156;234;193;665;1677;438;525;1408;1877;1524;7972;1600;340;570;412;317;150;253;268;198;129;384;181;132;254;159;515;78;89;75;89;211;185;291;201;195;45;190;245;125;412;141;266;184;156;188;63;191;104;106;55;88;99;198;57;129;62;127;66;110;55;242;175;177;123;62;48557;52813;1203;11907;21206;1753;149
2020-07-11;145362;2411;8324;32638;47528;11932;275;294;97;729;1432;2177;1526;3837;884;170;2787;574;4457;556;88;153;489;1204;2419;1341;14207;115;28;29;12;14;1;42;822;431;18077;617;1709;10690;346;10625;671;356;869;946;205;361;756;2281;1629;4254;783;94;1183;239;194;718;1714;444;532;1487;1911;1558;8126;1604;349;578;445;318;150;260;275;200;129;396;192;132;256;171;536;78;89;85;90;213;190;297;206;198;45;202;250;126;438;146;266;187;161;190;65;195;107;107;58;89;101;205;59;133;64;128;66;113;58;245;180;189;126;62;49674;55445;1209;12260;21570;1808;199
2020-07-12;150445;2418;8831;33702;49646;12225;283;302;112;770;1503;2197;1596;3985;928;176;2818;623;4535;604;95;154;512;1271;2523;1379;14421;117;29;30;12;14;1;42;836;444;18728;639;1712;10884;351;10876;674;388;892;957;216;379;758;2288;1657;4562;824;97;1235;251;194;746;1720;454;585;1512;1980;1614;8361;1607;364;603;472;348;156;262;284;205;129;430;201;141;259;177;567;88;91;100;96;218;199;312;209;209;54;220;262;126;467;149;278;188;165;204;70;196;110;112;64;91;103;206;60;140;70;129;69;119;67;251;182;201;129;72;51177;57812;1241;12940;21923;1923;221
2020-07-13;154277;2427;9160;34587;51279;12365;288;302;118;773;1555;2207;1658;4102;937;176;2904;630;4580;606;96;154;517;1304;2583;1398;14695;121;29;60;18;14;1;42;918;444;19134;653;1721;11117;353;10999;678;389;902;1005;223;379;758;2297;1687;4793;865;97;1272;253;194;766;1724;538;599;1581;2038;1686;8504;1608;371;618;NaN;358;156;265;285;217;129;443;216;144;260;179;573;89;93;105;97;220;205;319;211;212;56;225;268;128;471;151;286;194;168;211;74;202;112;112;66;93;106;208;60;140;71;133;70;120;72;260;197;203;129;72;52349;59593;1246;13391;22255;1958;228
2020-07-14;159898;2433;10153;35651;53126;12615;305;304;124;805;1583;2281;1696;4264;983;185;3004;695;4660;649;113;163;568;1377;2723;1422;15131;130;29;60;18;14;1;42;973;459;19721;733;1770;11391;354;11212;697;422;908;1018;234;382;762;2303;1719;5348;892;100;1336;286;194;806;1773;557;611;1644;2163;1747;8742;1610;387;642;528;387;157;NaN;299;229;137;NaN;253;154;267;194;600;90;104;110;102;227;216;336;220;220;63;226;276;144;485;158;288;201;170;229;80;211;113;138;78;101;116;214;60;143;74;138;73;124;79;274;201;209;131;80;53837;61717;1308;14562;22877;2074;251
2020-07-15;165169;2433;10928;36427;55050;12864;311;308;128;857;1662;2307;1774;4436;1086;209;3046;726;4748;665;123;163;601;1476;2772;1441;15715;136;29;61;NaN;14;1;48;1046;480;20137;779;1787;11855;357;11422;701;427;918;1032;237;387;778;2303;1739;5819;945;103;1386;306;194;827;1792;566;634;1668;2199;1817;8866;1624;399;681;556;424;160;NaN;335;250;137;634;280;161;274;217;663;97;107;114;110;241;239;358;228;222;66;243;291;151;532;160;297;209;172;240;96;232;116;150;81;106;126;214;61;151;79;145;81;130;82;287;208;216;149;87;55088;63894;1345;15464;23627;2189;265
2020-07-16;173206;2443;11861;38394;56822;13650;NaN;325;169;938;1763;2391;1882;4790;1181;234;3298;796;5002;716;149;166;655;1585;3052;1582;16113;141;29;61;NaN;14;1;48;1154;497;21107;881;1806;12155;366;12105;747;464;984;1081;NaN;420;779;2312;1816;6271;1012;112;1558;340;195;848;1864;595;753;1856;2392;1952;9295;1632;431;747;621;469;167;332;365;266;139;752;298;171;275;245;718;112;110;150;120;253;274;394;260;232;73;263;298;156;564;176;300;212;175;259;106;253;137;174;86;114;130;225;75;165;88;151;92;143;85;329;223;223;164;102;58289;66275;1419;16785;24444;2349;332
2020-07-17;182140;2445;12913;41007;58938;14172;392;342;182;1004;1816;2433;2179;5140;1300;240;3616;854;5096;751;154;168;693;1726;3448;1614;16593;143;29;61;33;14;1;48;1190;539;23175;948;1833;12571;372;12543;794;491;996;1090;NaN;422;795;2314;1860;6879;1240;118;1633;366;198;905;1906;600;784;2106;2741;2071;9618;1634;445;786;665;509;184;338;402;287;141;907;333;177;279;304;770;120;126;163;132;266;281;405;270;244;80;291;312;156;574;186;310;212;199;281;112;258;142;203;98;122;144;230;79;178;91;153;92;153;190;353;225;226;166;102;61914;68901;1476;18530;25126;2525;350
2020-07-18;190700;2454;14267;43158;60427;14754;403;360;221;1053;1888;2471;2588;5418;1420;268;3950;922;5194;790;199;NaN;737;1818;3932;1671;17237;148;30;61;33;14;2;48;1242;546;24698;1065;1841;13140;375;13057;849;515;1026;1117;335;438;829;2321;1928;7763;NaN;124;1702;393;203;922;1935;617;849;2346;3155;2182;9888;1640;465;835;718;545;194;351;431;310;141;976;383;191;284;368;811;128;131;196;137;277;296;424;286;253;94;314;320;157;611;197;341;216;210;295;118;264;148;224;103;127;155;234;84;190;94;160;94;160;218;378;255;230;189;113;65174;70832;1538;20777;25955;2656;434
2020-07-19;197278;2454;15226;43810;63294;14972;421;389;325;1105;1992;2499;2713;5604;1511;286;4182;963;5401;836;243;NaN;762;1876;4138;1698;17458;155;30;61;37;14;2;50;1289;554;25055;1125;1848;13312;380;13240;879;546;1033;1134;350;458;878;2321;1962;8221;1646;129;1864;407;223;941;1952;622;864;2505;3286;2233;10007;1647;472;928;755;565;199;355;458;333;142;1072;406;198;287;391;874;129;137;297;142;300;316;444;288;265;104;316;331;157;701;202;346;219;220;310;123;266;155;234;116;135;166;235;89;207;101;160;95;161;220;388;256;235;190;114;66471;73990;1597;22067;26463;2760;582
2020-07-20;204005;2458;16420;44704;65623;15208;437;396;394;1134;2109;2530;2859;5809;1578;311;4348;999;5651;885;292;NaN;772;1948;4346;1733;17915;173;30;61;42;14;2;50;1301;564;25582;1226;1857;13678;382;13453;905;573;1040;1167;367;465;880;2323;1985;8927;1762;135;2078;410;227;957;1977;627;911;2609;3482;2308;10166;1652;485;1032;789;592;201;377;479;343;144;1136;458;205;296;443;884;139;141;361;150;310;330;460;303;276;117;318;375;163;739;208;347;222;225;313;138;283;167;256;124;151;175;238;89;210;104;165;106;165;225;414;267;240;192;116;67952;76636;1616;23615;27230;2881;700
2020-07-21;211038;2458;18270;45486;67872;15509;445;416;451;1174;2120;2561;2969;5926;1615;329;4506;1034;5779;941;346;NaN;844;1996;4613;1777;18441;185;30;61;43;14;2;50;1314;568;26052;1393;1925;13998;428;13703;918;618;1057;1193;387;471;881;2323;2017;9983;1857;147;2160;454;229;988;1996;631;928;2730;3712;2352;10302;1658;493;1042;811;619;213;400;487;350;144;1233;520;219;304;467;891;143;145;416;153;329;341;471;312;276;167;337;402;169;843;218;347;239;227;316;153;300;170;277;141;187;181;244;91;212;127;170;122;174;225;426;272;245;199;118;69241;79108;1708;25842;27955;2985;811
2020-07-22;218428;2466;19330;45948;70852;15714;479;508;477;1308;2217;2713;3175;6154;1662;341;4618;1102;5992;1130;386;182;878;2084;4726;1822;19165;189;31;61;45;14;2;51;1327;593;26284;1470;1936;14623;432;13863;938;778;1069;1203;413;486;882;2324;2036;10635;1988;155;2312;478;229;995;2037;632;970;2800;3787;2457;10402;1672;517;1095;869;654;243;435;563;367;151;1283;544;221;307;484;910;149;159;442;155;343;352;486;NaN;288;176;351;414;171;895;226;354;244;240;323;169;305;179;295;154;189;195;246;91;224;134;178;134;186;229;430;280;255;199;NaN;70166;82476;1843;27221;29178;3262;877
2020-07-23;226373;2470;20193;46595;74602;15943;NaN;549;485;1393;2301;2761;3345;6308;1673;377;4771;1147;6292;1254;460;186;937;2204;4851;1839;19921;199;33;61;46;14;2;52;1386;604;26585;1528;1971;15218;440;14014;956;861;1069;1215;422;511;882;2328;2071;11097;2045;179;2565;507;231;1015;2048;634;987;2860;3876;2530;10546;1672;530;1164;910;701;260;470;587;398;154;1307;586;245;313;488;916;159;165;450;167;360;359;489;350;303;183;375;474;172;935;229;378;263;250;326;186;319;186;314;161;202;203;251;97;235;144;187;139;191;231;442;290;259;203;166;71290;86502;1947;28379;30367;3506;959
2020-07-24;233541;2479;21502;47005;77889;16118;518;581;489;1417;2360;2787;3459;6622;1696;398;4829;1175;6461;1388;495;194;1001;2353;4974;1898;20415;202;33;61;46;14;2;73;1408;629;26788;1626;1984;15611;451;14128;973;953;1092;1227;454;528;883;2336;2087;11914;2112;NaN;2663;553;232;1031;2056;638;1001;2888;3936;2654;10639;1682;538;1216;931;760;280;485;604;428;160;1349;633;258;323;496;927;168;176;454;180;368;381;507;370;324;189;386;495;176;1017;249;380;275;260;344;194;329;195;329;168;221;211;256;103;252;157;191;169;191;237;446;290;260;205;168;72015;90227;2052;29924;31080;3789;998
2020-07-25;240795;2497;22615;47573;81180;16286;540;649;542;1501;2440;2802;3594;6725;1757;425;4927;1283;6610;1515;532;204;1065;2513;5119;1962;20875;213;33;61;53;14;2;77;1416;660;27088;1705;1998;15999;461;14258;997;1027;1095;1232;507;566;883;2354;2109;12679;2201;NaN;2740;591;232;1038;2065;645;1029;2933;4027;2687;10794;1689;550;1270;1035;818;NaN;497;630;461;164;1379;670;275;330;506;957;174;182;507;203;375;394;513;373;326;200;399;503;182;1034;258;387;279;268;347;206;334;197;343;173;237;217;258;103;255;168;193;187;193;239;456;294;261;221;187;72990;93845;2194;31317;31788;4076;1088
2020-07-26;248976;2503;23723;48439;84213;16695;579;710;585;1558;2528;2820;3983;6918;1808;456;5262;1307;6798;1581;644;207;1111;2608;5319;2013;21536;220;33;61;53;14;2;77;1478;677;27523;1783;2034;16521;473;14597;1012;1067;1105;1259;546;585;883;2360;2134;13260;NaN;229;2890;616;233;1096;2078;653;1077;3219;4169;2766;10894;1691;561;1328;1057;858;NaN;516;655;477;166;1410;715;286;336;537;973;184;206;548;212;397;413;520;386;335;212;419;512;186;1184;268;395;287;271;356;231;344;202;353;182;254;224;268;114;263;181;195;195;200;243;491;301;267;225;187;74739;97217;2304;33014;32712;4237;1243
2020-07-27;257101;2506;25697;49037;86857;16883;601;722;678;1624;2629;2861;4504;7038;1888;474;5397;1340;7090;1785;759;224;1116;2745;5440;2086;22010;NaN;35;61;53;14;2;80;1486;751;27902;1925;2037;16942;480;14663;1035;1223;1120;1262;592;640;885;2363;2149;14499;2904;239;3048;621;233;1103;2112;655;1092;3290;4222;2802;11024;1696;574;1413;1080;891;376;535;703;488;175;1524;791;286;336;568;1012;186;211;632;218;404;415;529;393;344;230;426;514;187;1210;272;421;290;310;360;259;347;212;380;191;274;243;271;139;265;206;199;250;204;244;493;306;270;248;204;75841;100125;2339;35631;33585;4578;1451
2020-07-28;267385;2507;26806;50212;91408;17363;627;733;742;1696;2788;2916;4840;7255;1967;499;5645;1407;7256;1846;762;NaN;1204;2998;5663;2154;22731;268;36;61;55;15;2;85;1521;774;28653;2028;2069;17478;484;15027;1074;1254;1130;1295;630;651;886;2363;2176;15163;3131;259;3133;668;235;1126;2128;662;1146;3484;4383;2899;11215;1719;587;1556;1138;997;385;560;725;555;176;1585;830;314;353;605;1047;202;223;688;243;424;437;533;416;355;252;447;516;201;1242;281;438;305;341;368;262;362;218;396;197;286;256;273;201;273;211;220;271;208;247;505;308;284;250;206;77985;105077;2437;37300;34599;4892;1519
2020-07-29;276055;2508;28425;50732;95199;17621;NaN;792;816;1746;2876;2931;5031;7517;2020;531;5806;1496;7494;2031;777;263;1278;3237;5742;2199;23114;277;38;61;NaN;14;2;85;1527;814;28940;2179;2084;17797;487;15209;1085;1394;1135;1300;657;666;889;2364;2196;16106;3275;265;3326;727;235;1132;2130;662;1176;3617;4424;2998;11309;1732;602;1630;1226;1109;422;561;742;594;201;1643;882;324;361;633;1058;216;252;754;263;429;459;539;440;374;269;497;552;208;1268;294;441;312;355;374;276;364;221;415;208;307;276;274;202;282;220;223;271;214;254;536;316;290;254;NaN;79065;109381;2607;39189;35285;5316;1607
2020-07-30;286020;2510;30265;51783;98209;17906;763;849;884;1819;2992;2967;5412;8050;2053;643;6059;1659;7770;2141;851;282;1341;3430;5817;2385;23993;298;38;61;74;14;2;86;1586;844;29422;2367;2095;18499;493;15422;1110;1467;1144;1327;822;723;896;2365;2233;16951;3543;317;3504;765;235;1159;2142;671;1227;3812;4481;3218;11565;1738;608;1691;1359;1184;443;591;773;636;217;1794;954;347;368;645;1072;231;267;814;279;457;486;568;497;408;298;515;563;215;1350;314;449;330;374;398;311;394;251;447;250;340;315;280;227;285;222;234;273;217;261;556;323;296;271;314;80802;113438;2747;41485;36549;5619;1749
2020-07-31;295508;2510;32339;52313;101955;18240;808;956;934;1896;3105;3000;5538;8297;2108;661;6138;1786;7970;2342;909;308;1401;3698;5928;2487;24660;306;38;61;84;14;2;99;1610;870;29651;2561;2101;19071;507;15622;1115;1589;1160;1342;884;779;896;2365;2255;17869;3621;328;3627;806;235;1174;2149;678;1277;3865;4551;3288;11665;1738;613;1786;1478;1300;489;601;816;697;234;1893;1048;358;376;674;1089;258;273;859;294;474;499;596;508;424;335;517;617;226;1456;321;454;342;393;420;320;394;271;495;270;396;342;282;230;293;227;238;275;219;278;561;341;300;272;335;81915;117726;2939;43795;37526;6090;1857
2020-08-01;306181;2511;35326;53131;104656;18587;870;988;1116;1971;3341;3021;5825;8775;2156;703;6531;1876;8090;2504;943;324;1570;3941;6002;2558;25628;315;38;61;90;14;2;99;1639;905;30062;2817;2115;19858;530;15933;1120;1704;1173;1360;932;799;910;2366;2266;19437;3807;366;3716;920;235;1192;2166;681;1307;4195;4603;3503;11849;1738;620;1936;1560;1382;515;624;851;754;245;2030;1152;403;379;696;1107;280;293;1023;324;509;521;620;540;465;380;531;669;237;1711;341;456;360;418;458;342;415;286;531;321;432;382;285;231;297;255;244;276;225;288;579;376;308;280;385;83756;121171;3156;47143;38710;6495;2073
2020-08-02;317651;2513;37606;53835;109153;18861;934;1018;1276;2042;3494;3055;6437;9342;2198;739;6749;1946;8185;2677;1033;338;1730;4135;6115;2681;26270;328;42;61;110;14;3;110;1670;954;30439;3013;2127;20357;558;16167;1134;1834;1190;1371;1017;834;910;2368;2297;20644;4185;376;3752;1035;235;1206;2196;684;1326;4370;4677;3724;12005;1744;631;2054;1620;1458;534;642;887;782;256;2173;1231;438;393;706;1129;292;310;1164;338;535;558;641;576;487;403;546;711;253;1843;368;469;383;475;483;352;424;302;560;357;475;405;286;233;318;277;244;277;225;297;592;389;312;281;420;85147;126525;3364;50148;39552;6862;2323
2020-08-03;327850;2513;40507;54434;111294;19209;992;1033;1515;2131;3532;3069;6941;9829;2324;881;7063;2051;8431;2819;1128;362;1824;4369;6326;2813;27120;351;44;61;117;14;7;115;1687;1008;30876;3270;2132;21136;575;16361;1163;1956;1196;1376;1127;884;914;2368;2300;22257;4535;437;3912;1108;235;1221;2208;685;1350;4603;4849;3844;12066;1748;638;2086;1710;1538;542;644;956;835;277;2386;1351;449;397;774;1164;317;330;1390;354;549;579;673;591;500;427;614;736;260;1945;NaN;484;390;508;505;369;447;328;615;425;512;435;286;239;329;292;245;291;229;309;598;397;313;281;436;86572;129590;3496;53764;40751;7238;2657
2020-08-04;334979;2513;41558;55206;113548;19306;1020;1057;1647;2181;3726;3098;7249;10028;2382;917;7200;2101;8596;3087;1208;369;1915;4687;6497;2934;27592;366;45;61;119;14;8;115;1702;1044;31372;3350;2145;21491;583;16429;1178;2123;1202;1389;1234;895;914;2368;2317;22904;4688;462;4020;1173;235;1233;2226;688;1400;4689;4962;3907;12138;1772;644;2227;1755;1682;555;657;979;895;284;2458;1391;473;409;794;1186;346;339;1512;378;558;589;694;603;508;448;621;747;275;1986;420;502;NaN;534;524;383;456;337;626;445;524;438;287;245;338;294;249;296;232;312;610;408;315;295;437;87829;132277;3618;55294;41467;7824;2869
2020-08-05;345714;2524;42950;55663;117793;19548;1084;1108;1839;2328;3830;3103;7774;10438;2434;959;7549;2202;8776;3299;1259;407;1979;5023;6735;3116;28611;389;45;61;122;14;5;122;1715;1088;31624;3493;2165;22310;591;16641;1195;2292;1211;1393;1389;906;918;2379;2331;23714;5022;499;4160;1213;235;1248;2230;689;1416;4985;5110;4065;12233;1773;653;2317;1841;1815;590;710;1058;NaN;303;2522;1411;490;418;820;1205;352;368;1668;404;596;608;722;621;522;471;626;762;286;2084;437;514;NaN;553;543;391;473;353;641;478;545;476;289;250;363;294;262;296;237;360;615;425;316;296;440;89029;137323;3770;57449;42818;8372;3112
2020-08-06;357710;2537;44310;56118;123875;19657;1154;1157;1868;2392;3974;3125;8046;10775;2504;1024;7731;2420;9006;3393;1294;436;2058;5455;6984;3200;29754;414;45;61;NaN;14;13;125;1721;1156;31798;3597;2185;23210;594;16707;1209;2366;1223;1404;1441;943;918;2381;2397;24531;5133;528;4311;1262;236;1253;2247;693;1453;5138;5260;4154;12337;1773;657;2431;2009;1994;630;753;1072;NaN;322;2601;1448;518;437;849;1237;382;395;1696;451;649;618;800;654;548;476;637;778;299;2159;448;520;437;612;560;396;496;364;664;500;574;495;290;252;386;297;278;297;245;372;621;427;319;296;443;89989;144180;3925;59330;44277;8898;3176
2020-08-07;367196;2565;46414;56801;126488;19901;1222;1191;2042;2491;4200;3152;8245;11069;2584;1116;7973;2629;9137;3863;1356;440;2159;5887;7119;3284;30371;427;48;61;202;15;5;126;1751;1209;32198;3775;2194;23725;598;16916;1219;2707;1225;1415;1513;963;921;2381;2413;25737;5301;589;4389;1342;236;1261;2270;697;1471;5311;5342;4248;12449;1775;663;2606;2187;2175;651;771;1124;1121;326;2702;1501;528;445;884;1267;408;404;1867;480;670;633;818;668;582;552;639;822;303;2216;457;521;448;621;576;400;500;390;697;531;608;513;293;255;391;312;286;303;261;377;630;436;334;297;455;91463;147541;4062;61768;45151;9799;3413
2020-08-08;376870;2584;47922;57525;129975;20072;1288;1216;2141;2549;4376;3168;8716;11423;2669;1223;8144;2764;9365;4302;1379;456;2280;6297;7230;3435;30858;443;49;61;206;14;5;128;1762;1292;32541;3907;2203;24113;612;17045;1240;3000;1231;1436;1634;978;921;2384;2431;26635;5583;658;4546;1432;236;1276;2283;700;1504;5436;5423;4352;12630;1785;669;2711;2305;2363;668;801;1161;1177;341;2776;1530;546;446;936;1280;418;434;1958;498;687;652;865;685;610;566;647;837;313;2263;476;547;453;656;601;416;509;421;711;555;633;526;296;256;397;320;288;326;264;379;638;446;381;299;461;92792;151839;4224;63858;45940;10648;3534
2020-08-09;387481;2599;49527;58184;133423;20276;1322;1313;2493;2654;4460;3197;9616;11625;2731;1367;8260;2946;9644;4684;1422;470;2382;6664;7448;3481;31641;451;49;61;361;14;5;149;1782;1323;32892;4052;2211;24761;614;17207;1253;3265;1236;1451;1663;995;922;2384;2450;27629;6270;738;4767;1502;236;1286;2291;703;1538;5512;5594;4402;12766;1788;674;2782;2469;2559;728;828;1205;1247;353;2862;1587;567;464;967;1304;453;445;2251;513;700;664;877;697;639;584;652;847;319;2318;488;575;473;728;612;424;521;431;726;579;663;542;297;260;413;327;289;336;269;381;647;458;410;301;462;93917;155892;4437;66581;47136;11397;3929
2020-08-10;397623;2615;51997;58634;136764;20456;1404;1384;2619;2681;4504;3265;10361;11889;2787;1500;8547;3138;9898;4868;1572;488;2471;6909;7575;3594;31951;491;51;61;366;14;5;160;1803;1387;33205;4264;2214;25023;632;17339;1290;3369;1249;1451;1737;1028;922;2392;2456;29314;6828;830;4929;1564;237;1294;2294;703;1568;5714;5665;4474;12823;1792;674;2818;2643;NaN;753;833;1214;1284;367;2899;1659;581;468;991;1324;470;464;2332;526;707;677;891;715;672;603;665;858;322;2364;503;592;476;766;627;422;527;439;759;613;683;564;298;263;430;343;294;351;269;387;647;458;410;301;472;94935;160016;4615;69923;47795;11826;4205
2020-08-11;410453;2626;53745;59101;141994;20705;1471;1417;2794;2775;4780;3326;11160;12126;2970;1608;8832;3362;10122;5108;1589;511;2584;7629;7739;3759;32759;503;55;128;380;20;5;170;1809;1451;33488;4397;2221;25711;645;17514;1315;3545;1263;1457;1881;1041;922;2397;2472;30450;7438;912;5068;1638;238;1301;2342;707;1593;5910;5760;4651;12929;1801;679;3058;2826;3015;763;869;1272;1462;379;2922;1695;608;471;1097;1382;501;476;2472;578;726;709;921;755;722;737;683;884;331;2423;528;594;484;784;644;436;535;460;778;632;698;572;299;272;455;355;299;392;274;405;650;461;411;303;480;96394;166044;4784;72634;48982;12786;4403
2020-08-12;422519;2641;55400;59383;146109;20925;1550;1456;2944;2810;4852;3404;11623;12828;3062;1751;9117;3610;10404;5492;1638;518;2749;8011;7878;3865;34585;535;59;137;382;20;6;176;1818;1469;33605;4489;2227;27361;652;17643;1328;3838;1272;1461;1962;1083;922;2411;2483;31400;7774;960;5226;1761;240;1308;2351;708;1623;6136;5831;4948;12984;1811;684;3108;3053;3206;779;921;1293;1557;384;3007;1747;634;480;1152;1394;530;492;2609;604;773;753;964;805;748;790;694;896;342;2469;569;603;504;814;684;446;546;496;815;674;717;593;301;290;470;373;301;425;274;415;656;463;415;315;480;97345;171436;4995;74891;51203;13552;4602
2020-08-13;433805;2644;56940;59797;149944;21090;1651;1486;3068;3013;5117;3429;12200;13280;3150;1883;9443;3715;10785;5899;1700;534;2944;8529;8128;4009;35435;573;63;137;421;20;6;176;1839;1537;33781;4643;2235;28031;684;17736;1340;4147;1277;1473;2078;1135;923;2413;2496;32269;8101;1032;5507;1892;241;1315;2370;718;1653;6360;5941;5179;13075;1811;692;3279;3138;3411;792;950;1439;1646;395;3094;1801;679;490;1191;1416;563;505;2687;659;814;779;985;827;762;814;720;920;359;2517;593;619;512;862;712;454;552;510;841;697;751;613;303;291;495;389;309;431;274;430;666;466;418;320;480;98603;176202;5236;77258;52662;14477;4788
2020-08-14;445111;2649;58702;60134;154452;21325;1748;1547;3328;3153;5293;3430;12587;13660;3225;1937;9725;3836;10963;6157;1840;591;3088;9190;8232;4107;36171;593;75;137;427;14;6;193;1853;1655;33932;4794;2256;28584;695;17847;1345;4306;1288;1490;2136;1151;923;2419;2504;33297;8263;1059;5625;1981;242;1321;2371;721;1669;6568;5996;5287;13147;1817;698;3417;3240;3682;821;1006;1526;1768;440;3170;1848;715;495;1212;1445;610;538;2840;724;834;807;1034;853;798;841;804;925;375;2576;610;626;529;873;728;475;562;519;865;713;790;629;306;306;506;413;316;433;283;431;672;483;419;325;497;99706;181461;5499;79511;53717;15396;5182
2020-08-15;456689;2654;60453;60542;158674;21593;1852;1599;3511;3222;5448;3439;13231;14369;3379;2096;9915;4041;11273;6500;1884;609;3242;9559;8443;4240;36847;613;82;139;431;14;6;193;1861;1741;34140;4944;2259;29117;711;18049;1349;4513;1298;1507;2221;1204;923;2424;2521;34259;8655;1155;5778;2076;266;1333;2377;722;1695;6660;6154;5513;13234;1819;700;3531;3412;3810;841;1043;1575;1828;453;3292;1890;762;501;1300;1493;634;552;3013;760;840;852;1087;896;867;874;838;943;391;2603;648;665;551;889;765;480;573;563;892;729;812;652;306;307;514;423;319;488;283;443;676;490;427;327;497;100881;186993;5723;82117;54781;16108;5409
2020-08-16;468332;2661;61812;60832;163295;21775;1963;1658;3750;3300;5728;3468;13916;14977;3508;2266;10179;4254;11462;6780;1955;630;3359;9969;8714;4425;37515;655;92;140;432;15;6;196;1872;1828;34316;5043;2269;29559;740;18178;1354;4717;1319;1511;2363;1228;925;2431;2525;35158;9048;1248;5908;2156;272;1337;2397;722;1718;6881;6322;5792;13275;1821;702;3757;3580;3979;867;1078;1631;1892;465;3360;1929;780;522;1353;1528;656;609;3218;789;870;874;1136;948;895;892;860;965;409;2641;667;682;568;915;792;500;604;583;929;741;832;669;307;307;532;438;329;497;285;451;682;490;427;334;499;102026;192901;5920;84432;55745;16798;5720
2020-08-17;476660;2662;62846;61074;166685;21865;2038;1687;3922;3334;5887;3494;14557;15375;3596;2441;10305;4370;11578;7051;2062;637;3411;10198;8797;4627;37938;670;109;141;433;16;12;197;1874;1835;34413;5131;2278;29894;753;18235;1359;4923;1326;1512;2544;1253;925;2432;2527;35801;9462;1355;5973;2178;272;1341;2420;722;1787;6970;6375;5893;13314;1824;704;3893;3660;4116;NaN;1095;1659;1921;471;3435;1952;786;528;1399;1544;670;624;3324;802;883;891;1168;963;926;907;871;993;420;2670;683;694;573;941;831;506;610;618;941;756;847;680;307;307;540;448;334;500;286;473;682;490;428;334;499;102731;197257;6007;86190;56344;17298;6000
2020-08-18;489122;2669;64259;61571;171312;22244;2158;1736;4129;3435;6058;3524;15181;16087;3751;2598;10549;4680;11763;7293;2181;657;3487;10653;9015;4791;39020;691;100;154;434;20;14;198;1910;1850;34617;5249;2305;30714;765;18443;1364;5089;1338;1523;2659;1280;925;2438;2542;36702;9848;1444;6108;2232;272;1346;2447;723;1857;7154;6508;6173;13358;1829;722;3995;3925;4357;NaN;1168;1710;1997;483;3531;1992;791;545;1483;1580;706;651;3467;862;921;939;1214;1009;957;927;887;1000;438;2686;704;705;597;975;861;514;623;648;953;773;858;688;309;312;565;453;356;500;288;488;685;494;465;339;506;104175;203347;6154;88445;57742;17995;6330
2020-08-19;502178;2673;65786;62009;176336;22485;2230;1823;4339;3512;6437;3547;15786;16756;3891;2793;10666;4943;11875;7501;2207;681;3718;11283;9440;4970;40073;745;112;163;435;20;14;198;1917;1973;34965;5440;2330;31545;771;18565;1374;5228;1346;1525;2793;1282;925;2441;2544;37674;10258;1553;6213;2396;273;1353;2472;723;1869;7248;6781;6375;13393;1830;727;4304;4134;4620;960;1200;1770;2098;505;3601;2023;832;567;1556;1615;748;670;3650;893;971;969;1266;1084;1011;942;912;1006;459;2727;741;707;619;1004;893;520;635;667;970;803;884;710;309;318;597;466;360;500;289;496;686;495;466;341;507;105490;209749;6497;91002;59007;18833;6566
2020-08-20;513719;2677;66613;62271;179540;22615;2416;2024;4428;3703;6968;3571;16351;17924;4006;2901;10815;5287;12091;8103;2282;716;3865;11806;9827;5142;41259;780;115;165;436;28;15;205;1920;2022;35127;5527;2351;32537;775;18631;1390;5672;1352;1527;2923;1318;925;2445;2559;38124;10546;1621;6342;2480;273;1360;2491;724;1884;7346;7075;6846;13438;1838;732;4717;4407;4849;1074;1246;1900;2216;535;3621;2056;864;583;1608;1641;788;696;3724;928;995;1005;1320;1183;1114;956;927;1011;474;2759;781;718;629;1059;954;525;646;710;992;814;900;720;309;319;611;486;365;513;299;510;689;497;466;343;508;106675;214931;6878;92781;60624;19958;6738
2020-08-21;522138;2678;67893;62464;181775;22738;2513;2120;4603;3837;7187;3592;16727;18238;4222;3078;10996;5489;12363;8325;2328;803;4050;12343;10113;5222;41887;798;117;169;437;28;15;216;1923;2158;35226;5677;2357;33034;794;18708;1398;5799;1371;1532;2958;1390;925;2446;2559;38804;10795;1735;6482;2594;274;1364;2503;725;1909;7434;7300;6957;13475;1838;739;4893;4544;5045;1114;1267;1983;2301;592;3694;2110;925;593;1703;1714;839;720;3866;968;1010;1020;1331;1201;1149;970;932;1018;487;2798;800;731;639;1077;965;557;659;722;1019;824;931;743;309;323;622;504;378;517;300;513;692;498;469;343;508;107607;218036;7246;94723;61679;20717;6959
2020-08-22;533103;2681;69195;62571;186041;23344;2688;2232;4716;3993;7777;3594;16896;18588;4320;3124;11149;5581;12554;8793;2369;823;4407;12818;10246;5344;42619;835;123;201;438;28;21;218;1935;2227;35266;5822;2368;33564;802;19220;1405;6131;1380;1534;3019;1411;925;2449;2561;39720;10856;1769;6616;2834;274;1364;2504;725;1918;7550;7379;7027;13492;1840;759;5324;4622;5240;1179;1317;2083;2379;609;3739;2143;1005;606;1761;1724;886;744;3929;1013;1025;1045;1340;1214;1181;991;978;1028;507;2803;810;734;646;1089;980;563;675;728;1028;838;943;756;309;324;626;518;386;523;305;516;693;501;471;344;508;109161;223087;7735;96327;62760;21660;7113
2020-08-23;541147;2687;70738;62804;188220;23471;2880;2301;4836;4190;7889;3630;17156;18965;4349;3283;11225;5761;12746;8988;2405;867;4574;13638;10357;5468;42998;856;123;208;439;42;29;236;1939;2342;35434;5973;2378;33837;836;19273;1408;6270;1392;1536;3099;1443;925;2455;2566;40502;10955;1841;6709;2944;274;1367;2522;726;1931;7590;7463;7116;13518;1843;761;5415;4788;5635;1226;1338;2223;2516;642;3850;2205;1049;607;1765;1729;933;787;4023;1071;1055;1080;1364;1228;1234;1029;980;1046;510;2850;831;743;660;1102;999;573;678;751;1057;852;973;771;309;324;628;540;387;528;308;533;693;502;471;344;508;109738;226298;8015;98241;63564;22675;7283
2020-08-24;551696;2690;71563;63069;192654;23694;3001;2386;5069;4329;8067;3664;17498;19626;4471;3443;11444;6089;12846;9134;2476;937;4791;14186;10505;5691;43598;888;126;216;440;49;29;236;1940;2387;35532;6031;2381;34340;843;19415;1415;6370;1402;1543;3277;1450;925;2458;2573;41035;11098;1953;6766;3103;274;1375;2549;727;1950;7747;7584;7349;13618;1846;769;5530;5077;5903;1265;1351;2336;2623;708;3890;2227;1083;619;1816;1759;987;829;4224;1117;1064;1103;1392;1270;1312;1045;983;1052;528;2855;870;743;674;1136;1031;574;686;773;1075;878;1002;782;311;324;629;541;389;528;308;536;693;502;471;345;508;110745;232225;8387;99556;64437;23369;7594
