fecha;tipo_registro;depto_municipio;fecha_primer_caso;increm_casos;increm_muertes
19/12/2020;P;COL;06/03/2020;0.0094;0.0271
19/12/2020;D;5;09/03/2020;0.0085;0.0244
19/12/2020;D;8;16/03/2020;0.0100;0.0269
19/12/2020;D;11;06/03/2020;0.0099;0.0274
19/12/2020;D;13;11/03/2020;0.0175;0.0464
19/12/2020;D;15;25/03/2020;0.0074;0.0324
19/12/2020;D;17;13/03/2020;0.0085;0.0240
19/12/2020;D;18;18/04/2020;0.0049;0.0098
19/12/2020;D;19;19/03/2020;0.0057;0.0187
19/12/2020;D;20;22/03/2020;0.0042;0.0184
19/12/2020;D;23;28/03/2020;0.0027;0.0058
19/12/2020;D;25;15/03/2020;0.0110;0.0321
19/12/2020;D;27;11/04/2020;0.0021;0.0103
19/12/2020;D;41;12/03/2020;0.0054;0.0184
19/12/2020;D;44;31/03/2020;0.0111;0.0220
19/12/2020;D;47;20/03/2020;0.0087;0.0242
19/12/2020;D;50;13/03/2020;0.0086;0.0203
19/12/2020;D;52;24/03/2020;0.0084;0.0275
19/12/2020;D;54;15/03/2020;0.0128;0.0413
19/12/2020;D;63;17/03/2020;0.0133;0.0412
19/12/2020;D;66;14/03/2020;0.0222;0.0589
19/12/2020;D;68;16/03/2020;0.0097;0.0278
19/12/2020;D;70;29/03/2020;0.0028;0.0078
19/12/2020;D;73;17/03/2020;0.0168;0.0485
19/12/2020;D;76;09/03/2020;0.0073;0.0236
19/12/2020;D;81;12/05/2020;0.0047;0.0130
19/12/2020;D;85;22/03/2020;0.0072;0.0198
19/12/2020;D;86;10/05/2020;0.0079;0.0243
19/12/2020;D;88;22/03/2020;0.0021;0.0076
19/12/2020;D;91;17/04/2020;0.0003;0.0013
19/12/2020;D;94;28/05/2020;0.0000;0.0008
19/12/2020;D;95;07/06/2020;0.0032;0.0058
19/12/2020;D;97;12/05/2020;0.0009;0.0009
19/12/2020;D;99;29/05/2020;0.0064;0.0091
19/12/2020;M;11001;06/03/2020;0.0098;0.0274
19/12/2020;M;5001;09/03/2020;0.0070;0.0221
19/12/2020;M;76001;13/03/2020;0.0065;0.0207
19/12/2020;M;8001;16/03/2020;0.0123;0.0328
19/12/2020;M;13001;11/03/2020;0.0196;0.0525
19/12/2020;M;54001;15/03/2020;0.0149;0.0485
19/12/2020;M;25754;16/03/2020;0.0028;0.0168
19/12/2020;M;8758;25/03/2020;0.0063;0.0200
19/12/2020;M;68001;15/03/2020;0.0103;0.0290
19/12/2020;M;5088;21/03/2020;0.0073;0.0203
19/12/2020;M;50001;13/03/2020;0.0087;0.0212
19/12/2020;M;73001;17/03/2020;0.0154;0.0467
19/12/2020;M;47001;20/03/2020;0.0110;0.0279
19/12/2020;M;20001;22/03/2020;0.0044;0.0222
19/12/2020;M;23001;29/03/2020;0.0018;0.0050
19/12/2020;M;66001;17/03/2020;0.0215;0.0572
19/12/2020;M;17001;13/03/2020;0.0079;0.0235
19/12/2020;M;52001;28/03/2020;0.0098;0.0312
19/12/2020;M;41001;12/03/2020;0.0050;0.0188
19/12/2020;M;76520;13/03/2020;0.0115;0.0337
19/12/2020;M;19001;19/03/2020;0.0068;0.0182
19/12/2020;M;76109;05/04/2020;0.0043;0.0110
19/12/2020;M;68276;16/03/2020;0.0081;0.0267
19/12/2020;M;63001;17/03/2020;0.0135;0.0431
19/12/2020;M;70001;29/03/2020;0.0027;0.0077
19/12/2020;M;5360;11/03/2020;0.0071;0.0226
19/12/2020;M;52835;31/03/2020;0.0009;0.0067
19/12/2020;M;5266;20/03/2020;0.0095;0.0275
19/12/2020;M;66170;14/03/2020;0.0284;0.0730
19/12/2020;M;76834;24/03/2020;0.0086;0.0376
19/12/2020;M;68081;06/04/2020;0.0026;0.0171
19/12/2020;M;44001;31/03/2020;0.0141;0.0236
19/12/2020;M;44847;04/06/2020;0.0023;0.0069
19/12/2020;M;44430;29/04/2020;0.0075;0.0185
19/12/2020;M;68547;23/04/2020;0.0114;0.0247
19/12/2020;M;15001;26/03/2020;0.0084;0.0248
19/12/2020;M;85001;22/03/2020;0.0062;0.0203
19/12/2020;M;18001;18/04/2020;0.0048;0.0095
19/12/2020;M;68307;31/05/2020;0.0079;0.0197
19/12/2020;M;76364;08/04/2020;0.0062;0.0236
19/12/2020;M;25269;09/04/2020;0.0118;0.0258
19/12/2020;M;25290;24/03/2020;0.0233;0.0532
19/12/2020;M;25473;24/03/2020;0.0091;0.0296
19/12/2020;M;25175;20/03/2020;0.0121;0.0342
19/12/2020;M;25899;31/03/2020;0.0091;0.0266
19/12/2020;M;5615;14/03/2020;0.0221;0.0531
19/12/2020;M;13430;08/05/2020;0.0007;0.0093
19/12/2020;M;8433;13/04/2020;0.0071;0.0138
19/12/2020;M;76147;21/03/2020;0.0162;0.0401
19/12/2020;M;15759;11/04/2020;0.0057;0.0267
19/12/2020;M;27001;11/04/2020;0.0019;0.0114
19/12/2020;M;5837;15/05/2020;0.0091;0.0128
19/12/2020;M;54498;09/04/2020;0.0084;0.0218
19/12/2020;M;76111;09/03/2020;0.0031;0.0357
19/12/2020;M;41551;11/04/2020;0.0061;0.0166
19/12/2020;M;5045;23/03/2020;0.0025;0.0058
19/12/2020;M;25430;20/03/2020;0.0117;0.0265
19/12/2020;M;15238;01/05/2020;0.0072;0.0455
19/12/2020;M;47189;30/03/2020;0.0029;0.0081
19/12/2020;M;20011;25/04/2020;0.0050;0.0109
19/12/2020;M;52356;24/03/2020;0.0100;0.0302
19/12/2020;M;23417;22/04/2020;0.0033;0.0042
19/12/2020;M;13836;28/03/2020;0.0138;0.0365
19/12/2020;M;19698;01/04/2020;0.0018;0.0119
19/12/2020;M;54874;21/03/2020;0.0057;0.0272
19/12/2020;M;23660;28/03/2020;0.0008;0.0033
19/12/2020;M;76892;21/03/2020;0.0092;0.0145
19/12/2020;M;25307;14/05/2020;0.0274;0.0588
19/12/2020;M;23162;11/04/2020;0.0060;0.0070
19/12/2020;M;25286;24/03/2020;0.0121;0.0368
19/12/2020;M;8638;30/04/2020;0.0051;0.0237
19/12/2020;M;54405;24/03/2020;0.0096;0.0333
19/12/2020;M;81001;12/05/2020;0.0042;0.0124
19/12/2020;M;5154;16/05/2020;0.0000;0.0011
19/12/2020;M;23807;11/04/2020;0.0088;0.0089
19/12/2020;M;76130;11/04/2020;0.0047;0.0171
19/12/2020;M;44560;16/05/2020;0.0168;0.0170
19/12/2020;M;25126;17/03/2020;0.0081;0.0418
19/12/2020;M;50006;05/04/2020;0.0047;0.0132
19/12/2020;M;5631;23/03/2020;0.0086;0.0287
19/12/2020;M;23466;08/05/2020;0.0024;0.0033
19/12/2020;M;5129;02/04/2020;0.0064;0.0257
19/12/2020;M;5212;08/04/2020;0.0151;0.0390
19/12/2020;M;66682;08/04/2020;0.0152;0.0547
19/12/2020;M;99773;12/08/2020;0.0000;0.0000
19/12/2020;M;5380;20/03/2020;0.0099;0.0241
19/12/2020;M;63130;22/03/2020;0.0132;0.0350
19/12/2020;M;41298;18/04/2020;0.0026;0.0217
19/12/2020;M;17380;22/03/2020;0.0086;0.0109
19/12/2020;M;47980;12/04/2020;0.0000;0.0000
19/12/2020;M;13052;29/03/2020;0.0193;0.0566
19/12/2020;M;13244;28/05/2020;0.0072;0.0098
19/12/2020;M;73268;09/04/2020;0.0082;0.0317
19/12/2020;M;70215;27/05/2020;0.0056;0.0123
19/12/2020;M;50313;21/04/2020;0.0062;0.0149
19/12/2020;M;47288;15/05/2020;0.0025;0.0064
19/12/2020;M;47245;17/04/2020;0.0000;0.0000
19/12/2020;M;5376;29/03/2020;0.0350;0.0859
19/12/2020;M;5440;20/05/2020;0.0277;0.0585
19/12/2020;M;17873;23/03/2020;0.0090;0.0354
19/12/2020;M;86568;15/05/2020;0.0059;0.0221
19/12/2020;M;8078;12/04/2020;0.0037;0.0125
19/12/2020;M;8296;08/04/2020;0.0050;0.0169
19/12/2020;M;23555;01/06/2020;0.0074;0.0112
19/12/2020;M;20013;25/04/2020;0.0008;0.0056
19/12/2020;M;47555;22/06/2020;0.0061;0.0092
19/12/2020;M;81736;15/06/2020;0.0011;0.0100
19/12/2020;M;5148;06/05/2020;0.0269;0.0540
19/12/2020;M;41396;29/04/2020;0.0053;0.0274
19/12/2020;M;70708;01/06/2020;0.0000;0.0000
19/12/2020;M;23189;08/04/2020;0.0015;0.0119
19/12/2020;M;5172;03/06/2020;0.0033;0.0066
19/12/2020;M;68679;29/06/2020;0.0426;0.0922
19/12/2020;M;86001;25/05/2020;0.0058;0.0278
19/12/2020;M;54810;02/05/2020;0.0084;0.0156
19/12/2020;M;5318;21/03/2020;0.0170;0.0311
19/12/2020;M;76275;11/04/2020;0.0141;0.0277
19/12/2020;M;15176;30/04/2020;0.0112;0.0550
19/12/2020;M;88001;22/03/2020;0.0018;0.0075
19/12/2020;M;76248;11/04/2020;0.0149;0.0416
19/12/2020;M;52079;29/05/2020;0.0000;0.0000
19/12/2020;M;81065;18/06/2020;0.0022;0.0022
19/12/2020;M;95001;07/06/2020;0.0035;0.0059
19/12/2020;M;27615;26/06/2020;0.0000;0.0000
19/12/2020;M;23815;06/06/2020;0.0022;0.0022
19/12/2020;M;5308;13/06/2020;0.0122;0.0381
19/12/2020;M;5079;23/04/2020;0.0058;0.0197
19/12/2020;M;54518;10/05/2020;0.0039;0.0237
19/12/2020;M;5250;13/05/2020;0.0031;0.0031
19/12/2020;M;19256;26/04/2020;0.0000;0.0101
19/12/2020;M;8573;27/03/2020;0.0081;0.0197
19/12/2020;M;23686;17/06/2020;0.0037;0.0037
19/12/2020;M;18753;13/05/2020;0.0000;0.0020
19/12/2020;M;17174;22/03/2020;0.0131;0.0299
19/12/2020;M;17614;09/05/2020;0.0156;0.0415
19/12/2020;M;5147;25/05/2020;0.0029;0.0030
19/12/2020;M;70713;27/05/2020;0.0000;0.0000
19/12/2020;M;20400;02/05/2020;0.0033;0.0056
19/12/2020;M;73168;15/06/2020;0.0366;0.1518
19/12/2020;M;91001;17/04/2020;0.0003;0.0014
19/12/2020;M;44650;29/04/2020;0.0086;0.0273
19/12/2020;M;76233;29/04/2020;0.0078;0.0434
19/12/2020;M;81794;04/06/2020;0.0138;0.0263
19/12/2020;M;70670;09/06/2020;0.0022;0.0044
19/12/2020;M;23182;20/05/2020;0.0000;0.0000
19/12/2020;M;13442;05/05/2020;0.0000;0.0294
19/12/2020;M;15572;30/06/2020;0.0087;0.0200
19/12/2020;M;76563;12/05/2020;0.0043;0.0153
19/12/2020;M;23670;19/06/2020;0.0051;0.0051
19/12/2020;M;23068;05/06/2020;0.0000;0.0000
19/12/2020;M;25843;10/04/2020;0.0107;0.0331
19/12/2020;M;19517;25/07/2020;0.0000;0.0333
19/12/2020;M;13468;28/05/2020;0.0082;0.0222
19/12/2020;M;25817;27/03/2020;0.0147;0.0323
19/12/2020;M;52838;17/04/2020;0.0180;0.0374
19/12/2020;M;44279;10/05/2020;0.0000;0.0071
19/12/2020;M;5034;15/04/2020;0.0195;0.0964
19/12/2020;M;68406;06/06/2020;0.0057;0.0173
19/12/2020;M;5490;29/06/2020;0.0000;0.0082
19/12/2020;M;50568;13/05/2020;0.0047;0.0110
19/12/2020;M;23580;18/06/2020;0.0165;0.0210
19/12/2020;M;20060;24/04/2020;0.0070;0.0099
19/12/2020;M;19130;19/06/2020;0.0087;0.0177
19/12/2020;M;5887;08/06/2020;0.0078;0.0190
19/12/2020;M;76895;19/06/2020;0.0180;0.0583
19/12/2020;M;44090;15/05/2020;0.0000;0.0000
19/12/2020;M;19548;05/05/2020;0.0026;0.0431
19/12/2020;M;19573;17/04/2020;0.0000;0.0063
19/12/2020;M;19137;19/06/2020;0.0000;0.0114
19/12/2020;M;47053;15/05/2020;0.0000;0.0651
19/12/2020;M;76736;11/06/2020;0.0227;0.0498
19/12/2020;M;20250;23/05/2020;0.0030;0.0030
19/12/2020;M;5579;28/06/2020;0.0000;0.0082
19/12/2020;M;19473;05/07/2020;0.0000;0.0122
19/12/2020;M;20228;10/06/2020;0.0016;0.0031
19/12/2020;M;5736;09/07/2020;0.0000;0.0050
19/12/2020;M;47551;17/05/2020;0.0111;0.1726
19/12/2020;M;86320;25/05/2020;0.0101;0.0189
19/12/2020;M;13657;28/05/2020;0.0079;0.0327
19/12/2020;M;44078;02/06/2020;0.0088;0.0303
19/12/2020;M;73443;28/05/2020;0.0304;0.0671
19/12/2020;M;70429;14/06/2020;0.0000;0.0323
19/12/2020;M;19743;30/05/2020;0.0000;0.0040
19/12/2020;M;85010;19/06/2020;0.0042;0.0064
19/12/2020;M;5686;28/03/2020;0.0058;0.0153
19/12/2020;M;73449;13/04/2020;0.0102;0.0270
19/12/2020;M;63470;28/03/2020;0.0120;0.0329
19/12/2020;M;19532;02/06/2020;0.0000;0.0043
19/12/2020;M;85250;29/04/2020;0.0120;0.0163
19/12/2020;M;23675;14/06/2020;0.0093;0.0190
19/12/2020;M;52227;01/04/2020;0.0070;0.0361
19/12/2020;M;19100;23/08/2020;0.0000;0.0678
19/12/2020;M;25214;23/03/2020;0.0136;0.0376
19/12/2020;M;76622;01/05/2020;0.0106;0.0357
19/12/2020;M;19821;23/07/2020;0.0000;0.0000
19/12/2020;M;17042;02/04/2020;0.0045;0.0185
19/12/2020;M;86571;12/05/2020;0.0000;0.0058
19/12/2020;M;25740;23/04/2020;0.0000;0.0084
19/12/2020;M;5756;17/04/2020;0.0083;0.0298
19/12/2020;M;5697;11/04/2020;0.0064;0.0280
19/12/2020;M;23570;18/06/2020;0.0000;0.0058
19/12/2020;M;23855;09/06/2020;0.0000;0.0473
19/12/2020;M;19807;10/04/2020;0.0063;0.0227
19/12/2020;M;73411;19/05/2020;0.0992;0.1344
19/12/2020;M;20175;20/06/2020;0.0000;0.0057
19/12/2020;M;85440;13/05/2020;0.0132;0.0248
19/12/2020;M;25386;24/05/2020;0.0380;0.0648
19/12/2020;M;8634;23/04/2020;0.0087;0.0088
19/12/2020;M;23672;21/06/2020;0.0000;0.0082
19/12/2020;M;63401;08/04/2020;0.0070;0.0302
19/12/2020;M;15516;07/05/2020;0.0026;0.0314
19/12/2020;M;86865;25/05/2020;0.0000;0.0094
19/12/2020;M;13688;01/06/2020;0.0000;0.0022
19/12/2020;M;68655;15/06/2020;0.0051;0.0372
19/12/2020;M;76400;24/03/2020;0.0075;0.0677
19/12/2020;M;68190;09/04/2020;0.0052;0.0159
19/12/2020;M;73504;14/07/2020;0.0163;0.0513
19/12/2020;M;68575;23/06/2020;0.0000;0.0054
19/12/2020;M;70820;06/06/2020;0.0064;0.0163
19/12/2020;M;54003;02/05/2020;0.0098;0.0303
19/12/2020;M;41668;18/04/2020;0.0052;0.0105
19/12/2020;M;94001;28/05/2020;0.0000;0.0000
19/12/2020;M;68755;18/05/2020;0.0531;0.0879
19/12/2020;M;68689;12/06/2020;0.0036;0.0375
19/12/2020;M;76318;05/04/2020;0.0079;0.0437
19/12/2020;M;25320;23/04/2020;0.0423;0.1044
19/12/2020;M;25377;24/03/2020;0.0041;0.0471
19/12/2020;M;97001;12/05/2020;0.0011;0.0011
19/12/2020;M;73319;27/04/2020;0.0065;0.0175
19/12/2020;M;68077;01/06/2020;0.0375;0.1086
19/12/2020;M;19780;21/07/2020;0.0000;0.0313
19/12/2020;M;44035;29/04/2020;0.0114;0.0262
19/12/2020;M;47570;25/04/2020;0.0000;0.0000
19/12/2020;M;5665;13/04/2020;0.0000;0.0000
19/12/2020;M;19455;08/04/2020;0.0000;0.0806
19/12/2020;M;19110;13/05/2020;0.0000;0.0222
19/12/2020;M;8685;08/04/2020;0.0054;0.0165
19/12/2020;M;70742;10/05/2020;0.0016;0.0066
19/12/2020;M;47058;10/06/2020;0.0069;0.0069
19/12/2020;M;52399;09/04/2020;0.0228;0.0456
19/12/2020;M;20238;25/05/2020;0.0000;0.0087
19/12/2020;M;41132;11/05/2020;0.0075;0.0183
19/12/2020;M;5030;31/05/2020;0.0121;0.0615
19/12/2020;M;73283;11/06/2020;0.0080;0.0330
19/12/2020;M;18150;18/07/2020;0.0000;0.0039
19/12/2020;M;63594;13/05/2020;0.0115;0.0357
19/12/2020;M;8520;02/05/2020;0.0016;0.0080
19/12/2020;M;5847;15/07/2020;0.0209;0.0527
19/12/2020;M;70771;19/06/2020;0.0000;0.0000
19/12/2020;M;27361;19/05/2020;0.0000;0.0105
19/12/2020;M;23500;19/06/2020;0.0058;0.0118
19/12/2020;M;5051;08/06/2020;0.0000;0.0000
19/12/2020;M;27077;18/06/2020;0.0000;0.0000
19/12/2020;M;5120;23/03/2020;0.0000;0.0000
19/12/2020;M;8421;19/05/2020;0.0145;0.0338
19/12/2020;M;50573;12/05/2020;0.0336;0.0542
19/12/2020;M;19142;29/04/2020;0.0083;0.0168
19/12/2020;M;70678;24/06/2020;0.0000;0.0308
19/12/2020;M;20178;02/05/2020;0.0024;0.0098
19/12/2020;M;5604;22/06/2020;0.0026;0.0346
19/12/2020;M;20621;25/04/2020;0.0000;0.0106
19/12/2020;M;86573;10/05/2020;0.0000;0.0000
19/12/2020;M;19355;10/08/2020;0.0182;0.0185
19/12/2020;M;20570;29/05/2020;0.0000;0.0062
19/12/2020;M;54261;12/05/2020;0.0085;0.0201
19/12/2020;M;17777;01/06/2020;0.0021;0.0125
19/12/2020;M;13433;03/06/2020;0.0196;0.0408
19/12/2020;M;44874;03/07/2020;0.0156;0.0240
19/12/2020;M;47745;12/05/2020;0.0061;0.0062
19/12/2020;M;25875;24/03/2020;0.0519;0.1192
19/12/2020;M;63190;01/04/2020;0.0137;0.0486
19/12/2020;M;25758;30/03/2020;0.0037;0.0343
19/12/2020;M;20770;16/04/2020;0.0168;0.0249
19/12/2020;M;13670;09/06/2020;0.0000;0.0000
19/12/2020;M;73275;18/05/2020;0.0170;0.0413
19/12/2020;M;76122;24/06/2020;0.0000;0.0095
19/12/2020;M;20710;21/06/2020;0.0085;0.0284
19/12/2020;M;27025;07/06/2020;0.0000;0.0000
19/12/2020;M;8606;13/05/2020;0.0000;0.0182
19/12/2020;M;50350;17/08/2020;0.0000;0.0238
19/12/2020;M;5790;08/06/2020;0.0035;0.0035
19/12/2020;M;66400;17/04/2020;0.0068;0.0340
19/12/2020;M;47318;25/06/2020;0.0180;0.0183
19/12/2020;M;5361;12/05/2020;0.0066;0.0086
19/12/2020;M;52678;17/06/2020;0.0000;0.0244
19/12/2020;M;19318;11/06/2020;0.0000;0.0000
19/12/2020;M;23678;19/06/2020;0.0000;0.0000
19/12/2020;M;5495;06/06/2020;0.0000;0.0000
19/12/2020;M;66594;19/07/2020;0.0170;0.0798
19/12/2020;M;5679;02/07/2020;0.0045;0.0136
19/12/2020;M;5031;24/07/2020;0.0077;0.0400
19/12/2020;M;68615;29/06/2020;0.0043;0.0177
19/12/2020;M;5042;05/06/2020;0.0081;0.0198
19/12/2020;M;41524;24/03/2020;0.0194;0.0265
19/12/2020;M;54720;18/06/2020;0.0000;0.0047
19/12/2020;M;19809;22/05/2020;0.0000;0.0000
19/12/2020;M;19050;28/06/2020;0.0000;0.0000
19/12/2020;M;50689;22/06/2020;0.0308;0.0428
19/12/2020;M;5101;25/06/2020;0.0513;0.1774
19/12/2020;M;18592;07/07/2020;0.0000;0.0021
19/12/2020;M;25245;20/04/2020;0.0000;0.0066
19/12/2020;M;47707;15/06/2020;0.0000;0.0000
19/12/2020;M;25513;23/03/2020;0.0034;0.0069
19/12/2020;M;73555;12/05/2020;0.0149;0.0469
19/12/2020;M;8560;08/04/2020;0.0067;0.0102
19/12/2020;M;41359;18/04/2020;0.0024;0.0192
19/12/2020;M;5895;04/07/2020;0.0057;0.0057
19/12/2020;M;19824;15/05/2020;0.0000;0.0588
19/12/2020;M;52427;10/05/2020;0.0000;0.0000
19/12/2020;M;19212;25/06/2020;0.0000;0.0282
19/12/2020;M;41006;18/04/2020;0.0236;0.0242
19/12/2020;M;13873;11/05/2020;0.0000;0.0234
19/12/2020;M;68861;28/07/2020;0.0080;0.0163
19/12/2020;M;52490;25/05/2020;0.0000;0.0000
19/12/2020;M;85410;25/05/2020;0.0062;0.0157
19/12/2020;M;41615;18/04/2020;0.0000;0.0164
19/12/2020;M;13006;01/07/2020;0.0000;0.0000
19/12/2020;M;25260;01/06/2020;0.0150;0.0310
19/12/2020;M;5607;23/03/2020;0.0323;0.0735
19/12/2020;M;5282;15/07/2020;0.0064;0.0263
19/12/2020;M;41306;11/04/2020;0.0024;0.0024
19/12/2020;M;66088;28/05/2020;0.0105;0.0288
19/12/2020;M;13549;27/06/2020;0.0000;0.0000
19/12/2020;M;19397;04/08/2020;0.0000;0.0000
19/12/2020;M;13654;19/06/2020;0.0000;0.0000
19/12/2020;M;73349;22/05/2020;0.0072;0.0508
19/12/2020;M;76113;10/04/2020;0.0188;0.0270
19/12/2020;M;25200;11/04/2020;0.0047;0.0291
19/12/2020;M;23574;01/06/2020;0.0183;0.0283
19/12/2020;M;25785;16/05/2020;0.0068;0.0282
19/12/2020;M;25799;05/04/2020;0.0000;0.0227
19/12/2020;M;86885;09/07/2020;0.0063;0.0160
19/12/2020;M;47258;25/05/2020;0.0000;0.0213
19/12/2020;M;52110;21/07/2020;0.0211;0.0497
19/12/2020;M;70418;08/05/2020;0.0000;0.0053
19/12/2020;M;8137;17/05/2020;0.0100;0.0204
19/12/2020;M;73585;21/07/2020;0.0096;0.0348
19/12/2020;M;5234;15/06/2020;0.0000;0.0036
19/12/2020;M;5890;28/05/2020;0.0114;0.0173
19/12/2020;M;25743;08/05/2020;0.0359;0.0541
19/12/2020;M;70508;24/06/2020;0.0000;0.0038
19/12/2020;M;47170;20/07/2020;0.0000;0.0000
19/12/2020;M;13473;13/07/2020;0.0000;0.0000
19/12/2020;M;20045;24/05/2020;0.0000;0.0153
19/12/2020;M;70235;14/06/2020;0.0079;0.0161
19/12/2020;M;50226;03/06/2020;0.0132;0.0133
19/12/2020;M;13140;21/04/2020;0.0000;0.0099
19/12/2020;M;19450;04/07/2020;0.0000;0.0235
19/12/2020;M;17013;12/05/2020;0.0000;0.0000
19/12/2020;M;76306;08/04/2020;0.0137;0.0391
19/12/2020;M;15469;10/05/2020;0.0052;0.0522
19/12/2020;M;27250;25/08/2020;0.0000;0.0000
19/12/2020;M;5664;10/07/2020;0.0000;0.0222
19/12/2020;M;8372;17/05/2020;0.0099;0.0254
19/12/2020;M;41770;12/07/2020;0.0000;0.0086
19/12/2020;M;73616;12/07/2020;0.0000;0.0231
19/12/2020;M;76036;08/04/2020;0.0197;0.0410
19/12/2020;M;41020;30/04/2020;0.0000;0.0125
19/12/2020;M;52250;01/06/2020;0.0000;0.0110
19/12/2020;M;73217;13/06/2020;0.0088;0.0180
19/12/2020;M;5674;05/07/2020;0.0347;0.0919
19/12/2020;M;13683;23/04/2020;0.0063;0.0256
19/12/2020;M;5400;13/07/2020;0.0264;0.1093
19/12/2020;M;20550;24/06/2020;0.0000;0.0000
19/12/2020;M;70823;18/06/2020;0.0058;0.0058
19/12/2020;M;25183;24/05/2020;0.0000;0.0207
19/12/2020;M;41807;18/04/2020;0.0276;0.0433
19/12/2020;M;44378;30/05/2020;0.0066;0.0099
19/12/2020;M;54250;24/07/2020;0.0000;0.0125
19/12/2020;M;68235;02/08/2020;0.0141;0.0143
19/12/2020;M;5541;25/07/2020;0.0183;0.0513
19/12/2020;M;5209;08/07/2020;0.0000;0.0625
19/12/2020;M;68432;13/06/2020;0.0022;0.0045
19/12/2020;M;5670;02/06/2020;0.0199;0.0342
19/12/2020;M;73624;10/05/2020;0.0769;0.1064
19/12/2020;M;23079;04/06/2020;0.0097;0.0098
19/12/2020;M;8436;27/04/2020;0.0412;0.0462
19/12/2020;M;19075;21/06/2020;0.0133;0.0135
19/12/2020;M;19845;25/04/2020;0.0053;0.0108
19/12/2020;M;47460;17/07/2020;0.0000;0.0000
19/12/2020;M;17486;04/06/2020;0.0000;0.0207
19/12/2020;M;20032;12/07/2020;0.0000;0.0057
19/12/2020;M;47268;13/05/2020;0.0000;0.0000
19/12/2020;M;5659;14/06/2020;0.0000;0.0000
19/12/2020;M;5284;25/03/2020;0.0000;0.0000
19/12/2020;M;47692;30/05/2020;0.0000;0.0078
19/12/2020;M;20750;10/04/2020;0.0041;0.0338
19/12/2020;M;99001;29/05/2020;0.0079;0.0114
19/12/2020;M;5002;12/07/2020;0.0085;0.0636
19/12/2020;M;81300;06/08/2020;0.0070;0.0214
19/12/2020;M;23464;09/07/2020;0.0000;0.0000
19/12/2020;M;5893;27/07/2020;0.0000;0.0043
19/12/2020;M;52612;03/06/2020;0.0000;0.0230
19/12/2020;M;19300;07/04/2020;0.0000;0.0000
19/12/2020;M;17662;29/04/2020;0.0105;0.0556
19/12/2020;M;52683;07/06/2020;0.0000;0.0069
19/12/2020;M;17541;28/09/2020;0.0400;0.0753
19/12/2020;M;5237;02/04/2020;0.0132;0.0255
19/12/2020;M;20517;15/06/2020;0.0031;0.0155
19/12/2020;M;54206;03/06/2020;0.0000;0.0270
19/12/2020;M;23300;07/06/2020;0.0000;0.0051
19/12/2020;M;8558;28/03/2020;0.0101;0.0119
19/12/2020;M;70221;23/06/2020;0.0000;0.0000
19/12/2020;M;27150;08/07/2020;0.0000;0.0000
19/12/2020;M;86757;29/05/2020;0.0000;0.0190
19/12/2020;M;17653;25/07/2020;0.0092;0.0283
19/12/2020;M;25295;09/05/2020;0.0035;0.0176
19/12/2020;M;52317;01/05/2020;0.0000;0.0000
19/12/2020;M;23419;04/06/2020;0.0085;0.0085
19/12/2020;M;18247;04/07/2020;0.0029;0.0089
19/12/2020;M;70717;18/06/2020;0.0000;0.0042
19/12/2020;M;13744;26/08/2020;0.0000;0.0000
19/12/2020;M;13647;21/06/2020;0.0000;0.0000
19/12/2020;M;73067;27/08/2020;0.0000;0.0317
19/12/2020;M;5040;13/07/2020;0.0090;0.0091
19/12/2020;M;13810;15/06/2020;0.0000;0.0000
19/12/2020;M;76828;23/03/2020;0.0000;0.0000
19/12/2020;M;5591;30/06/2020;0.0000;0.0000
19/12/2020;M;19418;30/05/2020;0.0000;0.0000
19/12/2020;M;54172;10/07/2020;0.0137;0.0210
19/12/2020;M;8832;23/05/2020;0.0022;0.0109
19/12/2020;M;15646;01/05/2020;0.0024;0.0170
19/12/2020;M;25772;11/04/2020;0.0486;0.0694
19/12/2020;M;50606;06/05/2020;0.0081;0.0248
19/12/2020;M;52378;15/05/2020;0.0026;0.0216
19/12/2020;M;25402;23/06/2020;0.0230;0.0741
19/12/2020;M;73408;23/06/2020;0.0074;0.0968
19/12/2020;M;70265;13/06/2020;0.0250;0.0256
19/12/2020;M;19364;25/07/2020;0.0000;0.0000
19/12/2020;M;18256;20/07/2020;0.0000;0.0000
19/12/2020;M;20383;18/06/2020;0.0000;0.0124
19/12/2020;M;73124;01/08/2020;0.0393;0.0960
19/12/2020;M;25873;28/03/2020;0.0097;0.0729
19/12/2020;M;52687;04/06/2020;0.0000;0.0323
19/12/2020;M;15299;09/04/2020;0.0139;0.0746
19/12/2020;M;41319;30/07/2020;0.0000;0.0411
19/12/2020;M;76126;24/03/2020;0.0051;0.0209
19/12/2020;M;5642;09/06/2020;0.0217;0.0337
19/12/2020;M;19022;10/11/2020;0.0000;0.1053
19/12/2020;M;85162;18/07/2020;0.0200;0.0695
19/12/2020;M;25151;24/05/2020;0.0066;0.0304
19/12/2020;M;27787;19/05/2020;0.0000;0.0000
19/12/2020;M;23168;19/06/2020;0.0000;0.0000
19/12/2020;M;52786;09/06/2020;0.0000;0.0196
19/12/2020;M;17433;16/05/2020;0.0054;0.0278
19/12/2020;M;20614;25/04/2020;0.0101;0.0102
19/12/2020;M;41791;15/07/2020;0.0120;0.0183
19/12/2020;M;54800;01/08/2020;0.0250;0.0526
19/12/2020;M;13458;27/06/2020;0.0000;0.0000
19/12/2020;M;23586;01/06/2020;0.0000;0.0000
19/12/2020;M;19585;09/08/2020;0.0870;0.2778
19/12/2020;M;85139;21/06/2020;0.0129;0.0131
19/12/2020;M;13838;04/05/2020;0.0000;0.0224
19/12/2020;M;76041;05/06/2020;0.0075;0.0153
19/12/2020;M;66456;19/08/2020;0.0000;0.0000
19/12/2020;M;52585;31/05/2020;0.0000;0.0549
19/12/2020;M;76670;24/03/2020;0.0000;0.0217
19/12/2020;M;8141;07/05/2020;0.0000;0.0074
19/12/2020;M;8675;08/05/2020;0.0117;0.0491
19/12/2020;M;15407;01/05/2020;0.0174;0.0488
19/12/2020;M;25322;20/06/2020;0.0099;0.0202
19/12/2020;M;50711;16/08/2020;0.0145;0.0147
19/12/2020;M;47030;23/07/2020;0.0000;0.0000
19/12/2020;M;25769;15/03/2020;0.0233;0.0750
19/12/2020;M;47660;06/08/2020;0.0000;0.0000
19/12/2020;M;66440;02/07/2020;0.0274;0.1231
19/12/2020;M;25572;28/05/2020;0.0761;0.0824
19/12/2020;M;27495;24/07/2020;0.0000;0.0000
19/12/2020;M;25815;04/06/2020;0.0632;0.1047
19/12/2020;M;41016;20/04/2020;0.0195;0.0323
19/12/2020;M;76377;23/04/2020;0.0103;0.0104
19/12/2020;M;13212;16/07/2020;0.0000;0.0000
19/12/2020;M;66572;18/06/2020;0.0169;0.0172
19/12/2020;M;15491;27/06/2020;0.0025;0.0124
19/12/2020;M;54820;27/04/2020;0.0000;0.0256
19/12/2020;M;5789;03/06/2020;0.0103;0.0211
19/12/2020;M;76890;12/04/2020;0.0000;0.0000
19/12/2020;M;20787;26/06/2020;0.0000;0.0159
19/12/2020;M;15861;19/05/2020;0.0000;0.0110
19/12/2020;M;25035;20/03/2020;0.0000;0.0091
19/12/2020;M;70124;04/06/2020;0.0103;0.0211
19/12/2020;M;5656;18/07/2020;0.0000;0.0629
19/12/2020;M;86569;18/07/2020;0.0146;0.0148
19/12/2020;M;50150;07/07/2020;0.0091;0.0092
19/12/2020;M;5093;02/07/2020;0.0556;0.0800
19/12/2020;M;20295;17/06/2020;0.0000;0.0000
19/12/2020;M;70473;20/05/2020;0.0116;0.0178
19/12/2020;M;5649;02/07/2020;0.1589;0.2022
19/12/2020;M;76100;25/07/2020;0.0000;0.0682
19/12/2020;M;27430;12/05/2020;0.0000;0.0000
19/12/2020;M;17524;18/07/2020;0.0377;0.0671
19/12/2020;M;5667;13/07/2020;0.0159;0.1053
19/12/2020;M;5138;30/05/2020;0.0490;0.0515
19/12/2020;M;15047;20/04/2020;0.0000;0.0233
19/12/2020;M;5761;08/07/2020;0.0087;0.0176
19/12/2020;M;52215;30/05/2020;0.0000;0.0152
19/12/2020;M;86749;23/07/2020;0.0188;0.0431
19/12/2020;M;76616;13/08/2020;0.0000;0.0000
19/12/2020;M;13222;20/05/2020;0.0161;0.0333
19/12/2020;M;23090;01/05/2020;0.0092;0.0140
19/12/2020;M;17513;22/07/2020;0.0000;0.0064
19/12/2020;M;76606;05/05/2020;0.0056;0.0056
19/12/2020;M;52240;07/06/2020;0.0000;0.0163
19/12/2020;M;23350;01/07/2020;0.0000;0.0000
19/12/2020;M;13074;17/04/2020;0.0169;0.1346
19/12/2020;M;70523;10/06/2020;0.0000;0.0132
19/12/2020;M;13673;14/05/2020;0.0000;0.0000
19/12/2020;M;13667;03/08/2020;0.0000;0.0345
19/12/2020;M;68572;19/09/2020;0.0000;0.0800
19/12/2020;M;5197;04/04/2020;0.0152;0.0154
19/12/2020;M;5364;13/08/2020;0.0109;0.0339
19/12/2020;M;52693;25/05/2020;0.0000;0.0028
19/12/2020;M;68418;05/07/2020;0.0222;0.0465
19/12/2020;M;18410;20/07/2020;0.0372;0.0621
19/12/2020;M;73483;18/06/2020;0.0000;0.0067
19/12/2020;M;25040;27/05/2020;0.0000;0.0500
19/12/2020;M;25486;23/06/2020;0.0212;0.0442
19/12/2020;M;73671;14/07/2020;0.0241;0.0921
19/12/2020;M;50318;22/08/2020;0.0000;0.0164
19/12/2020;M;5585;12/07/2020;0.0000;0.0000
19/12/2020;M;5480;25/06/2020;0.0069;0.0140
19/12/2020;M;76823;01/08/2020;0.0099;0.0412
19/12/2020;M;25612;05/06/2020;0.0189;0.0443
19/12/2020;M;13188;16/06/2020;0.0000;0.0000
19/12/2020;M;76020;27/04/2020;0.0152;0.0588
19/12/2020;M;52258;25/09/2020;0.0072;0.0222
19/12/2020;M;44098;03/05/2020;0.0000;0.0104
19/12/2020;M;25317;29/07/2020;0.0000;0.0135
19/12/2020;M;19760;12/08/2020;0.0000;0.0000
19/12/2020;M;70702;11/06/2020;0.0000;0.0000
19/12/2020;M;27006;28/06/2020;0.0000;0.0000
19/12/2020;M;52520;27/05/2020;0.0000;0.0000
19/12/2020;M;5854;31/05/2020;0.0000;0.0000
19/12/2020;M;25745;17/06/2020;0.0122;0.0250
19/12/2020;M;54245;01/08/2020;0.0000;0.1053
19/12/2020;M;68255;28/07/2020;0.0202;0.0313
19/12/2020;M;41548;18/07/2020;0.0317;0.0678
19/12/2020;M;25878;05/06/2020;0.0000;0.0000
19/12/2020;M;15632;20/07/2020;0.0000;0.1250
19/12/2020;M;23682;10/07/2020;0.0133;0.0135
19/12/2020;M;52260;07/06/2020;0.0303;0.1000
19/12/2020;M;52207;01/07/2020;0.0000;0.0000
19/12/2020;M;95025;21/08/2020;0.0000;0.0000
19/12/2020;M;5368;27/05/2020;0.0000;0.0128
19/12/2020;M;47798;01/08/2020;0.0000;0.0000
19/12/2020;M;17444;02/05/2020;0.0181;0.0297
19/12/2020;M;73678;15/05/2020;0.0000;0.0068
19/12/2020;M;85430;30/07/2020;0.0145;0.0455
19/12/2020;M;15806;07/07/2020;0.0000;0.0238
19/12/2020;M;15693;11/05/2020;0.0079;0.0672
19/12/2020;M;52788;31/07/2020;0.0048;0.0195
19/12/2020;M;68229;09/04/2020;0.0000;0.0000
19/12/2020;M;15204;16/05/2020;0.0104;0.0360
19/12/2020;M;52696;09/06/2020;0.0000;0.0000
19/12/2020;M;13780;19/07/2020;0.0000;0.0000
19/12/2020;M;41378;26/07/2020;0.0000;0.0208
19/12/2020;M;8849;21/05/2020;0.0034;0.0137
19/12/2020;M;5660;11/07/2020;0.0100;0.0101
19/12/2020;M;18610;08/07/2020;0.0000;0.0090
19/12/2020;M;13650;31/08/2020;0.0000;0.0000
19/12/2020;M;13300;10/07/2020;0.0000;0.0000
19/12/2020;M;70400;10/06/2020;0.0000;0.0000
19/12/2020;M;25148;30/08/2020;0.0000;0.1750
19/12/2020;M;47545;19/06/2020;0.0000;0.0000
19/12/2020;M;76869;19/04/2020;0.0056;0.0347
19/12/2020;M;50680;16/05/2020;0.0000;0.0216
19/12/2020;M;50590;28/08/2020;0.0152;0.0154
19/12/2020;M;17877;19/03/2020;0.0055;0.0282
19/12/2020;M;25645;24/05/2020;0.0000;0.0192
19/12/2020;M;27800;31/05/2020;0.0000;0.0000
19/12/2020;M;25279;07/05/2020;0.0000;0.0000
19/12/2020;M;73861;02/08/2020;0.0147;0.1333
19/12/2020;M;52621;14/06/2020;0.0000;0.0000
19/12/2020;M;85230;12/07/2020;0.0100;0.0101
19/12/2020;M;25736;25/05/2020;0.0306;0.0538
19/12/2020;M;52473;12/05/2020;0.0000;0.0000
19/12/2020;M;8770;04/06/2020;0.0000;0.0059
19/12/2020;M;73675;15/06/2020;0.0000;0.0000
19/12/2020;M;25885;30/05/2020;0.0000;0.1304
19/12/2020;M;47703;17/07/2020;0.0000;0.0000
19/12/2020;M;66687;24/06/2020;0.0099;0.0306
19/12/2020;M;54174;29/06/2020;0.0909;0.1000
19/12/2020;M;50287;30/07/2020;0.0000;0.0390
19/12/2020;M;54385;26/07/2020;0.0000;0.0204
19/12/2020;M;27205;28/05/2020;0.0345;0.0357
19/12/2020;M;27099;23/05/2020;0.0000;0.0000
19/12/2020;M;25001;29/05/2020;0.0182;0.0185
19/12/2020;M;5690;14/07/2020;0.0000;0.0116
19/12/2020;M;13894;20/06/2020;0.0000;0.0000
19/12/2020;M;68167;13/08/2020;0.0189;0.0816
19/12/2020;M;63272;01/04/2020;0.0107;0.0447
19/12/2020;M;66045;28/07/2020;0.0114;0.0732
19/12/2020;M;54670;23/07/2020;0.0000;0.0000
19/12/2020;M;5240;01/07/2020;0.0196;0.0408
19/12/2020;M;66318;19/08/2020;0.0000;0.0417
19/12/2020;M;85125;23/07/2020;0.0000;0.0000
19/12/2020;M;52256;07/09/2020;0.0076;0.0077
19/12/2020;M;85263;28/06/2020;0.0000;0.0099
19/12/2020;M;76497;30/05/2020;0.0189;0.0291
19/12/2020;M;5858;27/08/2020;0.0081;0.0082
19/12/2020;M;73055;06/08/2020;0.0256;0.0685
19/12/2020;M;25488;17/05/2020;0.0017;0.0506
19/12/2020;M;47605;25/06/2020;0.0000;0.0000
19/12/2020;M;41503;01/05/2020;0.0000;0.0000
19/12/2020;M;73352;31/07/2020;0.0000;0.0286
19/12/2020;M;76403;21/07/2020;0.0000;0.0440
19/12/2020;M;25658;17/05/2020;0.0000;0.0000
19/12/2020;M;41799;08/06/2020;0.0000;0.0000
19/12/2020;M;5264;05/07/2020;0.0078;0.0079
19/12/2020;M;5861;05/07/2020;0.0110;0.0111
19/12/2020;M;13030;23/07/2020;0.0000;0.0000
19/12/2020;M;19622;30/06/2020;0.0000;0.0000
19/12/2020;M;5038;07/04/2020;0.0000;0.0000
19/12/2020;M;25181;03/04/2020;0.0213;0.0682
19/12/2020;M;25718;08/06/2020;0.0526;0.0962
19/12/2020;M;18756;30/07/2020;0.1089;0.2024
19/12/2020;M;17272;06/09/2020;0.0000;0.0227
19/12/2020;M;41530;21/05/2020;0.0000;0.0213
19/12/2020;M;52320;31/05/2020;0.0102;0.0316
19/12/2020;M;47720;17/07/2020;0.0000;0.0000
19/12/2020;M;47675;06/08/2020;0.0296;0.0887
19/12/2020;M;27073;20/05/2020;0.0000;0.0164
19/12/2020;M;44855;03/07/2020;0.0290;0.0299
19/12/2020;M;47205;03/07/2020;0.0000;0.0000
19/12/2020;M;54128;21/08/2020;0.2500;0.3333
19/12/2020;M;18094;13/07/2020;0.0000;0.0106
19/12/2020;M;68500;04/07/2020;0.0000;0.0000
19/12/2020;M;50400;20/08/2020;0.0000;0.0000
19/12/2020;M;13440;03/08/2020;0.0000;0.0000
19/12/2020;M;25099;20/06/2020;0.0318;0.0608
19/12/2020;M;52699;29/07/2020;0.0141;0.0290
19/12/2020;M;19693;01/10/2020;0.0000;0.0000
19/12/2020;M;68101;29/07/2020;0.0370;0.0800
19/12/2020;M;70110;04/06/2020;0.0000;0.0147
19/12/2020;M;25053;24/07/2020;0.0147;0.0149
19/12/2020;M;52885;30/05/2020;0.0000;0.0167
19/12/2020;M;27425;;0.0000;0.0000
19/12/2020;M;41797;26/08/2020;0.0128;0.0130
19/12/2020;M;15322;23/05/2020;0.0000;0.0175
19/12/2020;M;13760;20/06/2020;0.0000;0.0000
19/12/2020;M;20443;28/06/2020;0.0000;0.0309
19/12/2020;M;27450;30/06/2020;0.0000;0.0000
19/12/2020;M;68079;26/06/2020;0.0000;0.0000
19/12/2020;M;25407;24/05/2020;0.0000;0.0286
19/12/2020;M;15223;01/05/2020;0.0000;0.0217
19/12/2020;M;13600;06/08/2020;0.0000;0.0000
19/12/2020;M;54660;22/08/2020;0.0000;0.0147
19/12/2020;M;5809;11/07/2020;0.0000;0.0000
19/12/2020;M;25123;11/06/2020;0.0000;0.0000
19/12/2020;M;19392;22/07/2020;0.0278;0.0286
19/12/2020;M;17088;26/07/2020;0.0000;0.0000
19/12/2020;M;68464;08/07/2020;0.0000;0.0000
19/12/2020;M;13655;17/07/2020;0.0000;0.0000
19/12/2020;M;47960;09/08/2020;0.0000;0.0000
19/12/2020;M;54344;14/08/2020;0.0000;0.0000
19/12/2020;M;68385;14/07/2020;0.0635;0.1053
19/12/2020;M;17616;30/04/2020;0.0000;0.0388
19/12/2020;M;41660;15/05/2020;0.0087;0.0177
19/12/2020;M;17050;20/06/2020;0.0104;0.0213
19/12/2020;M;25797;29/05/2020;0.0250;0.0811
19/12/2020;M;41676;03/08/2020;0.0000;0.0000
19/12/2020;M;73148;27/07/2020;0.0000;0.0000
19/12/2020;M;70233;20/06/2020;0.0000;0.0000
19/12/2020;M;50330;04/07/2020;0.0000;0.0278
19/12/2020;M;50577;02/09/2020;0.0000;0.0000
19/12/2020;M;17867;21/08/2020;0.0213;0.0444
19/12/2020;M;5091;03/08/2020;0.0267;0.0417
19/12/2020;M;27075;19/05/2020;0.0000;0.0156
19/12/2020;M;91540;04/05/2020;0.0000;0.0000
19/12/2020;M;68745;01/10/2020;0.0000;0.0435
19/12/2020;M;68770;13/06/2020;0.0200;0.0417
19/12/2020;M;5411;20/07/2020;0.0149;0.0152
19/12/2020;M;15599;23/06/2020;0.0000;0.0505
19/12/2020;M;95015;03/08/2020;0.0000;0.0227
19/12/2020;M;52560;28/04/2020;0.0000;0.0000
19/12/2020;M;25178;03/05/2020;0.0000;0.0101
19/12/2020;M;54051;19/07/2020;0.0294;0.0303
19/12/2020;M;52411;06/05/2020;0.0233;0.1622
19/12/2020;M;73043;18/07/2020;0.0571;0.1667
19/12/2020;M;19513;23/06/2020;0.0000;0.0000
19/12/2020;M;13490;08/07/2020;0.0000;0.0000
19/12/2020;M;18460;02/08/2020;0.0000;0.0000
19/12/2020;M;5483;29/09/2020;0.0000;0.0870
19/12/2020;M;47161;30/05/2020;0.0000;0.0088
19/12/2020;M;5190;11/05/2020;0.0000;0.0093
19/12/2020;M;5310;10/07/2020;0.0000;0.0000
19/12/2020;M;27413;02/06/2020;0.0000;0.0000
19/12/2020;M;52381;01/05/2020;0.0103;0.0543
19/12/2020;M;73520;08/08/2020;0.0833;0.2000
19/12/2020;M;25394;25/06/2020;0.0000;0.3158
19/12/2020;M;52540;23/08/2020;0.0000;0.0214
19/12/2020;M;5313;17/04/2020;0.0000;0.0303
19/12/2020;M;19785;16/08/2020;0.0000;0.0156
19/12/2020;M;5113;31/05/2020;0.0081;0.0232
19/12/2020;M;25535;19/05/2020;0.0313;0.0667
19/12/2020;M;99524;18/07/2020;0.0000;0.0000
19/12/2020;M;52405;10/07/2020;0.0000;0.0156
19/12/2020;M;68895;01/08/2020;0.0000;0.0000
19/12/2020;M;63690;27/07/2020;0.0190;0.0233
19/12/2020;M;50370;08/09/2020;0.0667;0.2500
19/12/2020;M;5873;17/06/2020;0.0000;0.0000
19/12/2020;M;41357;30/07/2020;0.0000;0.0000
19/12/2020;M;52019;30/06/2020;0.0097;0.0098
19/12/2020;M;47541;18/07/2020;0.0000;0.0000
19/12/2020;M;5628;03/08/2020;0.0000;0.0303
19/12/2020;M;52418;01/07/2020;0.0000;0.0278
19/12/2020;M;54553;31/03/2020;0.0077;0.0156
19/12/2020;M;19533;27/08/2020;0.0000;0.0000
19/12/2020;M;5134;19/07/2020;0.0000;0.0000
19/12/2020;M;25530;13/08/2020;0.0000;0.0000
19/12/2020;M;52224;24/04/2020;0.0185;0.0385
19/12/2020;M;73870;21/08/2020;0.0000;0.1905
19/12/2020;M;52685;31/05/2020;0.0000;0.0606
19/12/2020;M;17442;02/05/2020;0.0000;0.0111
19/12/2020;M;15804;10/07/2020;0.0000;0.0000
19/12/2020;M;27491;20/07/2020;0.0000;0.0000
19/12/2020;M;15455;13/05/2020;0.0000;0.0000
19/12/2020;M;13248;28/07/2020;0.0000;0.0000
19/12/2020;M;25649;17/07/2020;0.0000;0.0000
19/12/2020;M;52435;22/05/2020;0.0000;0.0247
19/12/2020;M;41013;11/04/2020;0.0000;0.0115
19/12/2020;M;15814;02/06/2020;0.0000;0.0769
19/12/2020;M;50683;28/04/2020;0.0000;0.0000
19/12/2020;M;54099;28/06/2020;0.0244;0.0380
19/12/2020;M;15753;17/07/2020;0.0000;0.0367
19/12/2020;M;25599;04/06/2020;0.0000;0.0392
19/12/2020;M;5576;25/09/2020;0.0000;0.0000
19/12/2020;M;70204;20/06/2020;0.0000;0.0000
19/12/2020;M;73026;01/08/2020;0.0615;0.1818
19/12/2020;M;85225;02/10/2020;0.0000;0.0000
19/12/2020;M;13062;27/06/2020;0.0000;0.0769
19/12/2020;M;5321;22/03/2020;0.0336;0.0531
19/12/2020;M;13160;10/07/2020;0.0000;0.0000
19/12/2020;M;25793;05/07/2020;0.0000;0.0065
19/12/2020;M;76250;25/03/2020;0.0000;0.0345
19/12/2020;M;52036;01/05/2020;0.0769;0.0833
19/12/2020;M;68669;24/07/2020;0.0588;0.8889
19/12/2020;M;13620;14/04/2020;0.0278;0.0286
19/12/2020;M;50450;21/08/2020;0.0000;0.0000
19/12/2020;M;76243;25/06/2020;0.0000;0.0833
19/12/2020;M;25297;12/07/2020;0.0000;0.0270
19/12/2020;M;25662;06/04/2020;0.0000;0.0000
19/12/2020;M;5125;26/06/2020;0.0000;0.0000
19/12/2020;M;68051;28/07/2020;0.1563;0.8824
19/12/2020;M;54223;08/08/2020;0.0526;0.0556
19/12/2020;M;15837;17/07/2020;0.0154;0.0317
19/12/2020;M;5390;30/07/2020;0.0072;0.0073
19/12/2020;M;27600;19/05/2020;0.0000;0.0000
19/12/2020;M;52051;04/06/2020;0.0000;0.1154
19/12/2020;M;73563;02/08/2020;0.0455;0.1000
19/12/2020;M;15480;11/05/2020;0.0067;0.0870
19/12/2020;M;73226;12/08/2020;0.0313;0.0323
19/12/2020;M;52573;03/06/2020;0.0000;0.0000
19/12/2020;M;85325;15/08/2020;0.0000;0.0000
19/12/2020;M;73200;17/08/2020;0.0000;0.1429
19/12/2020;M;52203;21/06/2020;0.0201;0.0797
19/12/2020;M;15763;13/08/2020;0.0000;0.0800
19/12/2020;M;5543;08/07/2020;0.0633;0.2640
19/12/2020;M;41078;02/08/2020;0.0000;0.0000
19/12/2020;M;25224;15/06/2020;0.0000;0.0612
19/12/2020;M;5425;15/06/2020;0.0000;0.0000
19/12/2020;M;27245;15/06/2020;0.0085;0.0174
19/12/2020;M;25438;22/09/2020;0.0833;0.5000
19/12/2020;M;73236;15/07/2020;0.0000;0.0000
19/12/2020;M;5107;05/07/2020;0.0000;0.0000
19/12/2020;M;41801;30/07/2020;0.0000;0.0000
19/12/2020;M;15757;10/04/2020;0.0000;0.0308
19/12/2020;M;13268;29/07/2020;0.0000;0.0000
19/12/2020;M;15600;17/08/2020;0.0000;0.0000
19/12/2020;M;68573;26/06/2020;0.1111;0.2857
19/12/2020;M;15507;11/08/2020;0.0159;0.0161
19/12/2020;M;54398;26/05/2020;0.0000;0.1667
19/12/2020;M;94343;07/09/2020;0.0000;0.0175
19/12/2020;M;68872;08/05/2020;0.0000;0.0000
19/12/2020;M;25154;25/06/2020;0.0299;0.0308
19/12/2020;M;25312;13/06/2020;0.0094;0.0392
19/12/2020;M;44110;03/07/2020;0.0152;0.0732
19/12/2020;M;41885;05/06/2020;0.0000;0.0000
19/12/2020;M;15183;14/08/2020;0.0000;0.0000
19/12/2020;M;54673;12/07/2020;0.0000;0.0000
19/12/2020;M;25839;23/06/2020;0.0000;0.0000
19/12/2020;M;13042;21/06/2020;0.0000;0.0000
19/12/2020;M;18205;01/08/2020;0.0000;0.0000
19/12/2020;M;68820;06/08/2020;0.0000;0.0000
19/12/2020;M;15686;25/03/2020;0.0000;0.0492
19/12/2020;M;54313;27/07/2020;0.0000;0.0256
19/12/2020;M;5885;09/09/2020;0.0000;0.0000
19/12/2020;M;52352;05/08/2020;0.0000;0.0000
19/12/2020;M;15842;05/08/2020;0.0000;0.0000
19/12/2020;M;5055;03/08/2020;0.0000;0.0000
19/12/2020;M;15087;27/07/2020;0.0175;0.0556
19/12/2020;M;52390;12/05/2020;0.0000;0.0141
19/12/2020;M;63302;25/07/2020;0.0441;0.0794
19/12/2020;M;52354;10/06/2020;0.0000;0.0000
19/12/2020;M;52254;10/06/2020;0.0290;0.0455
19/12/2020;M;66383;26/06/2020;0.0000;0.0169
19/12/2020;M;50251;14/07/2020;0.0263;0.0556
19/12/2020;M;41349;24/07/2020;0.0000;0.0000
19/12/2020;M;73270;19/09/2020;0.1000;0.1111
19/12/2020;M;25845;07/05/2020;0.0500;0.0526
19/12/2020;M;52022;31/05/2020;0.0000;0.0000
19/12/2020;M;15367;17/08/2020;0.0000;0.2667
19/12/2020;M;54347;14/08/2020;0.0000;0.0313
19/12/2020;M;86760;29/06/2020;0.0896;0.1552
19/12/2020;M;5647;08/08/2020;0.0278;0.0286
19/12/2020;M;41872;16/07/2020;0.0000;0.0119
19/12/2020;M;52210;09/04/2020;0.0000;0.0000
19/12/2020;M;52720;08/08/2020;0.0000;0.0222
19/12/2020;M;13580;02/08/2020;0.0000;0.0000
19/12/2020;M;73347;19/07/2020;0.0000;0.0000
19/12/2020;M;15531;26/05/2020;0.0000;0.1923
19/12/2020;M;15755;16/10/2020;0.0000;0.0286
19/12/2020;M;5044;23/06/2020;0.0000;0.0000
19/12/2020;M;25862;02/08/2020;0.0000;0.0000
19/12/2020;M;50325;23/07/2020;0.0000;0.0000
19/12/2020;M;52287;28/06/2020;0.0000;0.0882
19/12/2020;M;8549;27/05/2020;0.0000;0.0000
19/12/2020;M;50223;18/07/2020;0.0000;0.0217
19/12/2020;M;25841;28/05/2020;0.0000;0.0294
19/12/2020;M;25779;02/09/2020;0.0833;0.0909
19/12/2020;M;68773;08/08/2020;0.0000;0.0000
19/12/2020;M;41206;25/07/2020;0.0000;0.0000
19/12/2020;M;18860;19/07/2020;0.0000;0.0135
19/12/2020;M;95200;28/07/2020;0.0000;0.0000
19/12/2020;M;52323;30/07/2020;0.0357;0.0370
19/12/2020;M;52506;23/08/2020;0.0000;0.0000
19/12/2020;M;27810;21/04/2020;0.0000;0.0000
19/12/2020;M;76863;18/07/2020;0.0308;0.0833
19/12/2020;M;68162;22/08/2020;0.0000;0.0000
19/12/2020;M;5842;11/07/2020;0.0000;0.0000
19/12/2020;M;25019;04/06/2020;0.0132;0.0133
19/12/2020;M;27372;28/09/2020;0.0000;0.0000
19/12/2020;M;52694;14/07/2020;0.0000;0.0308
19/12/2020;M;25326;07/06/2020;0.0000;0.0000
19/12/2020;M;15272;03/06/2020;0.0000;0.0000
19/12/2020;M;15740;07/07/2020;0.0000;0.0000
19/12/2020;M;73547;20/05/2020;0.1772;0.2154
19/12/2020;M;25335;09/08/2020;0.0000;0.0000
19/12/2020;M;15542;01/08/2020;0.0000;0.0175
19/12/2020;M;41518;28/04/2020;0.0000;0.0000
19/12/2020;M;15681;07/08/2020;0.0000;0.0156
19/12/2020;M;5315;10/08/2020;0.0000;0.0000
19/12/2020;M;5467;28/03/2020;0.0263;0.0270
19/12/2020;M;54109;08/08/2020;0.0000;0.0000
19/12/2020;M;50110;30/08/2020;0.0000;0.0465
19/12/2020;M;54377;08/06/2020;0.0000;0.0526
19/12/2020;M;41483;25/04/2020;0.0000;0.0000
19/12/2020;M;85400;06/10/2020;0.0000;0.0000
19/12/2020;M;25491;11/08/2020;0.0000;0.0000
19/12/2020;M;73030;29/07/2020;0.0000;0.0333
19/12/2020;M;54743;22/06/2020;0.0000;0.0370
19/12/2020;M;25596;31/08/2020;0.0000;0.0000
19/12/2020;M;76246;03/06/2020;0.0000;0.0370
19/12/2020;M;5856;10/07/2020;0.0000;0.0000
19/12/2020;M;52385;02/06/2020;0.0000;0.0128
19/12/2020;M;25781;14/08/2020;0.0000;0.0093
19/12/2020;M;18785;04/07/2020;0.0000;0.0000
19/12/2020;M;54599;07/07/2020;0.0238;0.0500
19/12/2020;M;68855;17/07/2020;0.1176;0.1333
19/12/2020;M;52083;28/04/2020;0.0000;0.0000
19/12/2020;M;73152;14/07/2020;0.0000;0.2000
19/12/2020;M;66075;01/07/2020;0.0000;0.0227
19/12/2020;M;27135;10/06/2020;0.0000;0.0625
19/12/2020;M;25426;03/06/2020;0.0741;0.0800
19/12/2020;M;88564;12/05/2020;0.0083;0.0083
19/12/2020;M;5792;15/07/2020;0.0196;0.0200
19/12/2020;M;15776;16/05/2020;0.0172;0.0741
19/12/2020;M;27050;19/05/2020;0.0000;0.0000
19/12/2020;M;50124;24/05/2020;0.0204;0.0208
19/12/2020;M;68377;08/06/2020;0.0000;0.0000
19/12/2020;M;15835;04/05/2020;0.0000;0.2222
19/12/2020;M;17495;05/05/2020;0.0444;0.1538
19/12/2020;M;5086;17/07/2020;0.0000;0.0000
19/12/2020;M;25398;04/11/2020;0.0000;0.0000
19/12/2020;M;25372;24/05/2020;0.0000;0.0000
19/12/2020;M;15764;17/07/2020;0.0000;0.0217
19/12/2020;M;68092;06/08/2020;0.0000;0.0000
19/12/2020;M;25281;20/07/2020;0.0000;0.0000
19/12/2020;M;15051;23/07/2020;0.0000;0.0571
19/12/2020;M;68318;08/08/2020;0.0000;0.0000
19/12/2020;M;5652;29/03/2020;0.0000;0.0000
19/12/2020;M;17388;30/07/2020;0.0000;0.0000
19/12/2020;M;15185;22/08/2020;0.0000;0.0000
19/12/2020;M;5036;15/08/2020;0.0000;0.0000
19/12/2020;M;68498;30/09/2020;0.0000;0.1667
19/12/2020;M;54520;20/06/2020;0.0000;0.0270
19/12/2020;M;15790;27/05/2020;0.0270;0.0882
19/12/2020;M;52233;09/04/2020;0.0101;0.0421
19/12/2020;M;27160;28/05/2020;0.0000;0.0000
19/12/2020;M;68207;09/04/2020;0.0000;0.0000
19/12/2020;M;5306;29/05/2020;0.0066;0.0133
19/12/2020;M;63212;11/05/2020;0.0000;0.0115
19/12/2020;M;15476;02/08/2020;0.0156;0.0159
19/12/2020;M;15442;09/07/2020;0.0000;0.0000
19/12/2020;M;15638;19/09/2020;0.0000;0.0000
19/12/2020;M;73686;15/09/2020;0.0000;0.0000
19/12/2020;M;27580;19/05/2020;0.0000;0.0000
19/12/2020;M;5353;15/06/2020;0.0769;0.0986
19/12/2020;M;68271;26/08/2020;0.0000;0.0000
19/12/2020;M;86755;05/10/2020;0.0256;0.0833
19/12/2020;M;52565;26/08/2020;0.0000;0.0000
19/12/2020;M;25777;12/08/2020;0.0000;0.0000
19/12/2020;M;86219;03/06/2020;0.0380;0.0972
19/12/2020;M;68250;03/07/2020;0.0000;0.0000
19/12/2020;M;68147;13/08/2020;0.0000;0.0000
19/12/2020;M;73622;10/11/2020;0.1538;0.1818
19/12/2020;M;15667;20/08/2020;0.0000;0.0000
19/12/2020;M;5347;01/07/2020;0.0137;0.0139
19/12/2020;M;68549;05/08/2020;0.0000;0.0000
19/12/2020;M;19701;07/08/2020;0.0000;0.0741
19/12/2020;M;76845;01/04/2020;0.0167;0.0345
19/12/2020;M;73854;04/08/2020;0.0000;0.0500
19/12/2020;M;25524;24/07/2020;0.0000;0.0000
19/12/2020;M;25594;01/07/2020;0.0000;0.0000
19/12/2020;M;68327;17/09/2020;0.0000;0.0833
19/12/2020;M;19290;25/07/2020;0.0000;0.0000
19/12/2020;M;54871;08/08/2020;0.0000;0.0588
19/12/2020;M;5475;27/06/2020;0.0000;0.0000
19/12/2020;M;15822;12/08/2020;0.0303;0.0313
19/12/2020;M;15494;27/05/2020;0.0000;0.0000
19/12/2020;M;25288;12/07/2020;0.0400;0.0417
19/12/2020;M;76054;26/05/2020;0.0345;0.2609
19/12/2020;M;63548;13/08/2020;0.0000;0.0748
19/12/2020;M;15104;21/08/2020;0.0000;0.0000
19/12/2020;M;68179;07/08/2020;0.1111;0.2857
19/12/2020;M;5059;19/07/2020;0.0000;0.0000
19/12/2020;M;15425;29/10/2020;0.0000;0.0000
19/12/2020;M;25120;02/06/2020;0.0000;0.1818
19/12/2020;M;5819;19/07/2020;0.0217;0.0222
19/12/2020;M;68444;24/07/2020;0.0000;0.0000
19/12/2020;M;68217;06/08/2020;0.0000;0.0000
19/12/2020;M;25898;26/05/2020;0.0345;0.0741
19/12/2020;M;15664;20/08/2020;0.0000;0.2632
19/12/2020;M;15580;30/07/2020;0.0448;0.0806
19/12/2020;M;25653;06/09/2020;0.0000;0.0000
19/12/2020;M;27660;31/10/2020;0.0000;0.0000
19/12/2020;M;73873;13/06/2020;0.0000;0.0000
19/12/2020;M;25592;18/07/2020;0.0000;0.0833
19/12/2020;M;81591;26/09/2020;0.0000;0.0213
19/12/2020;M;68397;03/07/2020;0.0222;0.0465
19/12/2020;M;17665;27/08/2020;0.0000;0.0000
19/12/2020;M;68533;02/08/2020;0.0286;0.0448
19/12/2020;M;15296;15/08/2020;0.0769;0.0833
19/12/2020;M;54239;24/07/2020;0.0000;0.0667
19/12/2020;M;15097;18/08/2020;0.0385;0.1818
19/12/2020;M;25258;28/05/2020;0.0000;0.0000
19/12/2020;M;5206;11/07/2020;0.0000;0.1176
19/12/2020;M;15232;27/07/2020;0.0000;0.0000
19/12/2020;M;25328;17/10/2020;0.0000;0.3333
19/12/2020;M;5021;11/08/2020;0.0000;0.0000
19/12/2020;M;25867;08/06/2020;0.0000;0.0000
19/12/2020;M;15189;14/08/2020;0.0000;0.0000
19/12/2020;M;5145;09/08/2020;0.0000;0.0000
19/12/2020;M;25805;11/09/2020;0.0000;0.0000
19/12/2020;M;15897;06/08/2020;0.0000;0.0000
19/12/2020;M;15464;08/09/2020;0.0455;0.0476
19/12/2020;M;70230;22/06/2020;0.0000;0.0000
19/12/2020;M;20310;19/05/2020;0.0000;0.0000
19/12/2020;M;5142;21/06/2020;0.0000;0.0000
19/12/2020;M;54480;08/06/2020;0.0000;0.0667
19/12/2020;M;68320;;0.0000;0.0000
19/12/2020;M;73024;09/07/2020;0.0000;0.0000
19/12/2020;M;25506;29/05/2020;0.0000;0.0000
19/12/2020;M;25851;26/07/2020;0.0000;0.0000
19/12/2020;M;97511;04/10/2020;0.0000;0.0000
19/12/2020;M;25293;10/07/2020;0.0000;0.0000
19/12/2020;M;18029;07/07/2020;0.0000;0.0000
19/12/2020;M;15109;29/05/2020;0.0345;0.0357
19/12/2020;M;41026;26/07/2020;0.0000;0.0000
19/12/2020;M;25168;25/11/2020;0.0000;0.1667
19/12/2020;M;52480;31/05/2020;0.0000;0.0000
19/12/2020;M;68020;19/09/2020;0.0000;0.6667
19/12/2020;M;15816;31/03/2020;0.0000;0.0000
19/12/2020;M;15332;29/10/2020;0.0000;0.0000
19/12/2020;M;41244;09/08/2020;0.0667;0.0714
19/12/2020;M;15466;18/07/2020;0.0299;0.0469
19/12/2020;M;68684;25/07/2020;0.0000;0.0000
19/12/2020;M;25823;11/11/2020;0.0000;0.0000
19/12/2020;M;25518;26/10/2020;0.0000;0.0000
19/12/2020;M;68152;31/07/2020;0.0000;0.0000
19/12/2020;M;15778;04/10/2020;0.0000;0.0000
19/12/2020;M;15537;18/08/2020;0.0000;0.0833
19/12/2020;M;99624;20/09/2020;0.0000;0.0000
19/12/2020;M;68324;06/08/2020;0.0000;0.0000
19/12/2020;M;54418;08/08/2020;0.0000;0.0000
19/12/2020;M;73461;02/11/2020;0.0000;0.0000
19/12/2020;M;81220;27/10/2020;0.0556;0.0588
19/12/2020;M;15244;20/08/2020;0.0000;0.0000
19/12/2020;M;68468;11/08/2020;0.0000;0.0000
19/12/2020;M;68502;11/07/2020;0.0000;0.0000
19/12/2020;M;68298;02/09/2020;0.0000;0.0000
19/12/2020;M;68780;08/10/2020;0.0000;0.0000
19/12/2020;M;5150;03/08/2020;0.0000;0.0000
19/12/2020;M;50270;03/09/2020;0.0000;0.0000
19/12/2020;M;91407;06/08/2020;0.0000;0.0000
19/12/2020;M;91798;12/07/2020;0.0000;0.0000
19/12/2020;M;25436;27/05/2020;0.0000;0.0000
19/12/2020;M;15368;14/08/2020;0.0000;0.0000
19/12/2020;M;15180;19/08/2020;0.0000;0.0000
19/12/2020;M;44420;30/07/2020;0.3077;0.4444
19/12/2020;M;15798;08/04/2020;0.0000;0.0000
19/12/2020;M;15224;13/05/2020;0.0000;0.0000
19/12/2020;M;73770;04/08/2020;0.0000;0.0000
19/12/2020;M;5658;16/07/2020;0.0000;0.0417
19/12/2020;M;25489;17/07/2020;0.0000;0.1667
19/12/2020;M;18479;20/07/2020;0.0000;0.0000
19/12/2020;M;15162;24/08/2020;0.0476;0.0500
19/12/2020;M;68211;13/08/2020;0.0000;0.0000
19/12/2020;M;15820;11/08/2020;0.0000;0.1579
19/12/2020;M;54680;19/06/2020;0.0370;0.0385
19/12/2020;M;15212;24/05/2020;0.0000;0.0000
19/12/2020;M;85300;15/10/2020;0.0000;0.0000
19/12/2020;M;25339;18/12/2020;0.0000;0.0000
19/12/2020;M;15690;20/08/2020;0.0000;0.0000
19/12/2020;M;15377;01/11/2020;0.0000;0.0000
19/12/2020;M;68266;10/09/2020;0.0000;0.0909
19/12/2020;M;25580;15/09/2020;0.0000;0.0000
19/12/2020;M;68720;09/07/2020;0.0000;0.0000
19/12/2020;M;15325;14/06/2020;0.0000;0.2000
19/12/2020;M;15808;12/05/2020;0.0000;0.1000
19/12/2020;M;68368;09/10/2020;0.0000;0.0000
19/12/2020;M;68209;04/08/2020;0.0000;0.0909
19/12/2020;M;15810;16/05/2020;0.0000;0.1429
19/12/2020;M;25807;15/10/2020;0.0000;0.3333
19/12/2020;M;15514;;0.0000;0.0000
19/12/2020;M;15276;30/09/2020;0.2000;0.2500
19/12/2020;M;27745;;0.0000;0.0000
19/12/2020;M;25299;02/08/2020;0.0000;0.0000
19/12/2020;M;15696;09/04/2020;0.0000;0.0000
19/12/2020;M;97161;06/09/2020;0.0000;0.0000
19/12/2020;M;15172;01/11/2020;0.0000;0.1111
19/12/2020;M;5501;16/07/2020;0.0000;0.0000
19/12/2020;M;15673;05/11/2020;0.0000;0.0000
19/12/2020;M;63111;29/07/2020;0.0000;0.0244
19/12/2020;M;15131;30/04/2020;0.0833;0.2000
19/12/2020;M;15762;18/10/2020;0.0000;0.0000
19/12/2020;M;15135;;0.0000;0.0000
19/12/2020;M;15248;14/08/2020;0.0000;0.0000
19/12/2020;M;15676;21/05/2020;0.0000;0.0000
19/12/2020;M;68673;03/08/2020;0.0000;0.0000
19/12/2020;M;91405;03/07/2020;0.0000;0.0000
19/12/2020;M;54125;02/05/2020;0.1250;0.1429
19/12/2020;M;68296;07/07/2020;0.0000;0.0000
19/12/2020;M;15500;29/03/2020;0.0000;0.0400
19/12/2020;M;68169;13/10/2020;0.0000;0.0000
19/12/2020;M;15761;02/11/2020;0.0000;0.2500
19/12/2020;M;68176;14/08/2020;0.0000;0.0000
19/12/2020;M;15187;20/08/2020;0.0000;0.0000
19/12/2020;M;15879;13/05/2020;0.0000;0.0000
19/12/2020;M;15293;24/08/2020;0.0000;0.0000
19/12/2020;M;25324;14/06/2020;0.0000;1.0000
19/12/2020;M;5004;25/07/2020;0.0000;0.0000
19/12/2020;M;15403;03/08/2020;0.0000;0.0000
19/12/2020;M;15774;23/06/2020;0.0000;0.0000
19/12/2020;M;15218;02/07/2020;0.0000;0.0588
19/12/2020;M;15380;13/09/2020;0.0000;0.0000
19/12/2020;M;15533;19/05/2020;0.0000;0.0000
19/12/2020;M;85015;18/10/2020;0.0769;0.0833
19/12/2020;M;68524;08/10/2020;0.0000;0.2500
19/12/2020;M;68264;27/08/2020;0.0000;0.0000
19/12/2020;M;25095;10/07/2020;0.0000;0.0000
19/12/2020;M;15215;05/06/2020;0.0000;0.0909
19/12/2020;M;17446;11/09/2020;0.0000;0.0000
19/12/2020;M;15236;03/11/2020;0.0000;0.0000
19/12/2020;M;68686;18/10/2020;0.0714;0.0769
19/12/2020;M;25483;29/06/2020;0.0000;0.0000
19/12/2020;M;68705;27/08/2020;0.0000;0.0000
19/12/2020;M;15511;06/08/2020;0.0000;0.0000
19/12/2020;M;97666;22/06/2020;0.0000;0.0000
19/12/2020;M;15518;20/08/2020;0.0000;0.0000
19/12/2020;M;68322;01/06/2020;0.0000;0.0000
19/12/2020;M;15621;12/11/2020;0.0000;0.0000
19/12/2020;M;68344;09/07/2020;0.0000;0.0000
19/12/2020;M;25368;20/10/2020;0.0000;0.0000
19/12/2020;M;68132;23/07/2020;0.0000;0.0357
19/12/2020;M;68682;18/07/2020;0.0000;0.0000
19/12/2020;M;68867;07/08/2020;0.0000;0.0000
19/12/2020;M;15106;02/08/2020;0.1250;0.1429
19/12/2020;M;15720;18/08/2020;0.0000;0.0000
19/12/2020;M;68425;09/09/2020;0.0000;0.0000
19/12/2020;M;68245;04/08/2020;0.0000;0.0000
19/12/2020;M;91263;05/12/2020;0.0000;0.0000
19/12/2020;M;85315;17/09/2020;0.0000;0.0000
19/12/2020;M;15839;15/10/2020;0.0000;0.0000
19/12/2020;M;68160;15/07/2020;0.0000;0.0000
19/12/2020;M;68121;;0.0000;0.0000
19/12/2020;M;94887;08/10/2020;0.0000;0.0000
19/12/2020;M;15362;26/07/2020;0.0000;0.0000
19/12/2020;M;94884;21/06/2020;0.0000;0.0000
19/12/2020;M;15092;08/12/2020;0.0000;0.0000
19/12/2020;M;25086;19/06/2020;0.0000;0.0000
19/12/2020;M;91460;;0.0000;0.0000
19/12/2020;M;68013;22/07/2020;0.0000;0.0000
19/12/2020;M;15317;12/08/2020;0.0000;0.0000
19/12/2020;M;25871;;0.0000;0.0000
19/12/2020;M;15226;30/07/2020;0.1000;0.4286
19/12/2020;M;15022;05/11/2020;0.0000;0.0000
19/12/2020;M;85279;02/09/2020;0.0000;0.0476
19/12/2020;M;15550;07/11/2020;0.0000;0.5000
19/12/2020;M;91669;07/07/2020;0.0000;0.0000
19/12/2020;M;94883;21/06/2020;0.0000;0.0000
19/12/2020;M;15522;24/08/2020;0.0000;0.0000
19/12/2020;M;15660;18/11/2020;0.0000;0.0000
19/12/2020;M;50245;22/10/2020;0.0000;0.0000
19/12/2020;M;15090;06/10/2020;0.0000;0.0000
19/12/2020;M;15832;10/09/2020;0.0000;0.0000
19/12/2020;M;68522;29/09/2020;0.0000;0.0000
19/12/2020;M;85136;22/10/2020;0.0000;0.0000
19/12/2020;M;68370;17/12/2020;0.0000;0.0000
19/12/2020;M;50686;;0.0000;0.0000
19/12/2020;M;15114;22/10/2020;0.0000;0.0000
19/12/2020;M;15401;07/11/2020;0.0000;0.0000
19/12/2020;M;15723;11/08/2020;0.0000;0.0000
19/12/2020;M;97889;13/06/2020;0.0000;0.0000
19/12/2020;M;94663;21/06/2020;0.0000;0.0000
19/12/2020;M;91536;;0.0000;0.0000
19/12/2020;M;94888;;0.0000;0.0000
19/12/2020;M;94886;;0.0000;0.0000
19/12/2020;M;97777;;0.0000;0.0000
19/12/2020;M;91530;;0.0000;0.0000
19/12/2020;M;91430;;0.0000;0.0000
19/12/2020;M;94885;;0.0000;0.0000
